// WARNING! All changes made in this file will be lost!
// Created from 'info_levels.style' by 'codegen_style'
//
// This file is part of Desktop App Toolkit,
// a set of libraries for developing nice desktop applications.
//
// For license and copyright information please follow this link:
// https://github.com/desktop-app/legal/blob/master/LEGAL
//
#include "style_info_levels.h"

#include "styles/palette.h"
#include "styles/style_basic.h"

namespace {

bool inited = false;

class Module_style_info_levels : public style::internal::ModuleBase {
public:
	Module_style_info_levels() { style::internal::registerModule(this); }

	void start(int scale) override {
		style::internal::init_style_info_levels(scale);
	}
};
Module_style_info_levels registrator;

style::TextStyle _levelStyle = { { Qt::Uninitialized }, 0, 0, { { 0, 0, 0, 0 }, 0, 0, { 0, 0 }, { Qt::Uninitialized }, { 0, 0 }, { Qt::Uninitialized }, { 0, 0 }, { Qt::Uninitialized }, { 0, 0 }, 0, 0, 0, false }, { { 0, 0, 0, 0 }, 0, 0, { 0, 0 }, { Qt::Uninitialized }, { 0, 0 }, { Qt::Uninitialized }, { 0, 0 }, { Qt::Uninitialized }, { 0, 0 }, 0, 0, 0, false } };
style::color _levelTextFg = { Qt::Uninitialized };
style::margins _levelMargin = { 0, 0, 0, 0 };
style::LevelShape _levelBase = { { Qt::Uninitialized }, { 0, 0 } };
style::LevelShape _level1 = { { Qt::Uninitialized }, { 0, 0 } };
style::LevelShape _level2 = { { Qt::Uninitialized }, { 0, 0 } };
style::LevelShape _level3 = { { Qt::Uninitialized }, { 0, 0 } };
style::LevelShape _level4 = { { Qt::Uninitialized }, { 0, 0 } };
style::LevelShape _level5 = { { Qt::Uninitialized }, { 0, 0 } };
style::LevelShape _level6 = { { Qt::Uninitialized }, { 0, 0 } };
style::LevelShape _level7 = { { Qt::Uninitialized }, { 0, 0 } };
style::LevelShape _level8 = { { Qt::Uninitialized }, { 0, 0 } };
style::LevelShape _level9 = { { Qt::Uninitialized }, { 0, 0 } };
style::LevelShape _level10 = { { Qt::Uninitialized }, { 0, 0 } };
style::LevelShape _level20 = { { Qt::Uninitialized }, { 0, 0 } };
style::LevelShape _level30 = { { Qt::Uninitialized }, { 0, 0 } };
style::LevelShape _level40 = { { Qt::Uninitialized }, { 0, 0 } };
style::LevelShape _level50 = { { Qt::Uninitialized }, { 0, 0 } };
style::LevelShape _level60 = { { Qt::Uninitialized }, { 0, 0 } };
style::LevelShape _level70 = { { Qt::Uninitialized }, { 0, 0 } };
style::LevelShape _level80 = { { Qt::Uninitialized }, { 0, 0 } };
style::LevelShape _level90 = { { Qt::Uninitialized }, { 0, 0 } };
style::LevelShape _levelNegative = { { Qt::Uninitialized }, { 0, 0 } };
style::icon _levelNegativeBubble = { Qt::Uninitialized };

} // namespace

namespace st {
const style::TextStyle &levelStyle(_levelStyle);
const style::color &levelTextFg(_levelTextFg);
const style::margins &levelMargin(_levelMargin);
const style::LevelShape &levelBase(_levelBase);
const style::LevelShape &level1(_level1);
const style::LevelShape &level2(_level2);
const style::LevelShape &level3(_level3);
const style::LevelShape &level4(_level4);
const style::LevelShape &level5(_level5);
const style::LevelShape &level6(_level6);
const style::LevelShape &level7(_level7);
const style::LevelShape &level8(_level8);
const style::LevelShape &level9(_level9);
const style::LevelShape &level10(_level10);
const style::LevelShape &level20(_level20);
const style::LevelShape &level30(_level30);
const style::LevelShape &level40(_level40);
const style::LevelShape &level50(_level50);
const style::LevelShape &level60(_level60);
const style::LevelShape &level70(_level70);
const style::LevelShape &level80(_level80);
const style::LevelShape &level90(_level90);
const style::LevelShape &levelNegative(_levelNegative);
const style::icon &levelNegativeBubble(_levelNegativeBubble);
} // namespace st

namespace style {
namespace internal {

namespace {
int pxm1 = -1;
int px0 = 0;
int px2 = 2;
int px3 = 3;
int px4 = 4;
int px5 = 5;
int px6 = 6;
int px9 = 9;
void initPxValues(int scale) {
	pxm1 = ConvertScale(-1, scale);
	px0 = ConvertScale(0, scale);
	px2 = ConvertScale(2, scale);
	px3 = ConvertScale(3, scale);
	px4 = ConvertScale(4, scale);
	px5 = ConvertScale(5, scale);
	px6 = ConvertScale(6, scale);
	px9 = ConvertScale(9, scale);
}

const uchar iconMask10Data[] = {
0x53, 0x56, 0x47, 0x3a, 0x53, 0x49, 0x5a, 0x45, 0x3a, 0x00, 0x00, 0x00, 0x1a,
0x00, 0x00, 0x00, 0x1a, 0x3c, 0x3f, 0x78, 0x6d, 0x6c, 0x20, 0x76, 0x65, 0x72,
0x73, 0x69, 0x6f, 0x6e, 0x3d, 0x22, 0x31, 0x2e, 0x30, 0x22, 0x20, 0x65, 0x6e,
0x63, 0x6f, 0x64, 0x69, 0x6e, 0x67, 0x3d, 0x22, 0x55, 0x54, 0x46, 0x2d, 0x38,
0x22, 0x3f, 0x3e, 0x0a, 0x3c, 0x73, 0x76, 0x67, 0x20, 0x77, 0x69, 0x64, 0x74,
0x68, 0x3d, 0x22, 0x37, 0x32, 0x70, 0x78, 0x22, 0x20, 0x68, 0x65, 0x69, 0x67,
0x68, 0x74, 0x3d, 0x22, 0x37, 0x32, 0x70, 0x78, 0x22, 0x20, 0x76, 0x69, 0x65,
0x77, 0x42, 0x6f, 0x78, 0x3d, 0x22, 0x30, 0x20, 0x30, 0x20, 0x37, 0x32, 0x20,
0x37, 0x32, 0x22, 0x20, 0x76, 0x65, 0x72, 0x73, 0x69, 0x6f, 0x6e, 0x3d, 0x22,
0x31, 0x2e, 0x31, 0x22, 0x20, 0x78, 0x6d, 0x6c, 0x6e, 0x73, 0x3d, 0x22, 0x68,
0x74, 0x74, 0x70, 0x3a, 0x2f, 0x2f, 0x77, 0x77, 0x77, 0x2e, 0x77, 0x33, 0x2e,
0x6f, 0x72, 0x67, 0x2f, 0x32, 0x30, 0x30, 0x30, 0x2f, 0x73, 0x76, 0x67, 0x22,
0x20, 0x78, 0x6d, 0x6c, 0x6e, 0x73, 0x3a, 0x78, 0x6c, 0x69, 0x6e, 0x6b, 0x3d,
0x22, 0x68, 0x74, 0x74, 0x70, 0x3a, 0x2f, 0x2f, 0x77, 0x77, 0x77, 0x2e, 0x77,
0x33, 0x2e, 0x6f, 0x72, 0x67, 0x2f, 0x31, 0x39, 0x39, 0x39, 0x2f, 0x78, 0x6c,
0x69, 0x6e, 0x6b, 0x22, 0x3e, 0x0a, 0x20, 0x20, 0x20, 0x20, 0x3c, 0x74, 0x69,
0x74, 0x6c, 0x65, 0x3e, 0x42, 0x61, 0x64, 0x67, 0x65, 0x20, 0x2f, 0x20, 0x6c,
0x65, 0x76, 0x65, 0x6c, 0x31, 0x30, 0x5f, 0x69, 0x6e, 0x6e, 0x65, 0x72, 0x3c,
0x2f, 0x74, 0x69, 0x74, 0x6c, 0x65, 0x3e, 0x0a, 0x20, 0x20, 0x20, 0x20, 0x3c,
0x67, 0x20, 0x69, 0x64, 0x3d, 0x22, 0x42, 0x61, 0x64, 0x67, 0x65, 0x2d, 0x2f,
0x2d, 0x6c, 0x65, 0x76, 0x65, 0x6c, 0x31, 0x30, 0x5f, 0x69, 0x6e, 0x6e, 0x65,
0x72, 0x22, 0x20, 0x73, 0x74, 0x72, 0x6f, 0x6b, 0x65, 0x3d, 0x22, 0x6e, 0x6f,
0x6e, 0x65, 0x22, 0x20, 0x73, 0x74, 0x72, 0x6f, 0x6b, 0x65, 0x2d, 0x77, 0x69,
0x64, 0x74, 0x68, 0x3d, 0x22, 0x31, 0x22, 0x20, 0x66, 0x69, 0x6c, 0x6c, 0x3d,
0x22, 0x6e, 0x6f, 0x6e, 0x65, 0x22, 0x20, 0x66, 0x69, 0x6c, 0x6c, 0x2d, 0x72,
0x75, 0x6c, 0x65, 0x3d, 0x22, 0x65, 0x76, 0x65, 0x6e, 0x6f, 0x64, 0x64, 0x22,
0x3e, 0x0a, 0x20, 0x20, 0x20, 0x20, 0x20, 0x20, 0x20, 0x20, 0x3c, 0x70, 0x61,
0x74, 0x68, 0x20, 0x64, 0x3d, 0x22, 0x4d, 0x32, 0x33, 0x2c, 0x31, 0x35, 0x20,
0x4c, 0x34, 0x39, 0x2c, 0x31, 0x35, 0x20, 0x43, 0x35, 0x33, 0x2e, 0x34, 0x31,
0x38, 0x32, 0x37, 0x38, 0x2c, 0x31, 0x35, 0x20, 0x35, 0x37, 0x2c, 0x31, 0x38,
0x2e, 0x35, 0x38, 0x31, 0x37, 0x32, 0x32, 0x20, 0x35, 0x37, 0x2c, 0x32, 0x33,
0x20, 0x4c, 0x35, 0x37, 0x2c, 0x34, 0x36, 0x2e, 0x38, 0x34, 0x32, 0x39, 0x39,
0x38, 0x34, 0x20, 0x43, 0x35, 0x37, 0x2c, 0x34, 0x38, 0x2e, 0x37, 0x37, 0x31,
0x35, 0x33, 0x39, 0x39, 0x20, 0x35, 0x35, 0x2e, 0x38, 0x39, 0x30, 0x38, 0x37,
0x31, 0x39, 0x2c, 0x35, 0x30, 0x2e, 0x35, 0x32, 0x38, 0x31, 0x35, 0x36, 0x32,
0x20, 0x35, 0x34, 0x2e, 0x31, 0x34, 0x39, 0x36, 0x36, 0x37, 0x39, 0x2c, 0x35,
0x31, 0x2e, 0x33, 0x35, 0x37, 0x33, 0x30, 0x31, 0x20, 0x4c, 0x33, 0x37, 0x2e,
0x32, 0x38, 0x39, 0x38, 0x30, 0x30, 0x37, 0x2c, 0x35, 0x39, 0x2e, 0x33, 0x38,
0x35, 0x38, 0x30, 0x39, 0x32, 0x20, 0x43, 0x33, 0x36, 0x2e, 0x34, 0x37, 0x33,
0x38, 0x32, 0x39, 0x31, 0x2c, 0x35, 0x39, 0x2e, 0x37, 0x37, 0x34, 0x33, 0x36,
0x37, 0x31, 0x20, 0x33, 0x35, 0x2e, 0x35, 0x32, 0x36, 0x31, 0x37, 0x30, 0x39,
0x2c, 0x35, 0x39, 0x2e, 0x37, 0x37, 0x34, 0x33, 0x36, 0x37, 0x31, 0x20, 0x33,
0x34, 0x2e, 0x37, 0x31, 0x30, 0x31, 0x39, 0x39, 0x33, 0x2c, 0x35, 0x39, 0x2e,
0x33, 0x38, 0x35, 0x38, 0x30, 0x39, 0x32, 0x20, 0x4c, 0x31, 0x37, 0x2e, 0x38,
0x35, 0x30, 0x33, 0x33, 0x32, 0x31, 0x2c, 0x35, 0x31, 0x2e, 0x33, 0x35, 0x37,
0x33, 0x30, 0x31, 0x20, 0x43, 0x31, 0x36, 0x2e, 0x31, 0x30, 0x39, 0x31, 0x32,
0x38, 0x31, 0x2c, 0x35, 0x30, 0x2e, 0x35, 0x32, 0x38, 0x31, 0x35, 0x36, 0x32,
0x20, 0x31, 0x35, 0x2c, 0x34, 0x38, 0x2e, 0x37, 0x37, 0x31, 0x35, 0x33, 0x39,
0x39, 0x20, 0x31, 0x35, 0x2c, 0x34, 0x36, 0x2e, 0x38, 0x34, 0x32, 0x39, 0x39,
0x38, 0x34, 0x20, 0x4c, 0x31, 0x35, 0x2c, 0x32, 0x33, 0x20, 0x43, 0x31, 0x35,
0x2c, 0x31, 0x38, 0x2e, 0x35, 0x38, 0x31, 0x37, 0x32, 0x32, 0x20, 0x31, 0x38,
0x2e, 0x35, 0x38, 0x31, 0x37, 0x32, 0x32, 0x2c, 0x31, 0x35, 0x20, 0x32, 0x33,
0x2c, 0x31, 0x35, 0x20, 0x5a, 0x22, 0x20, 0x69, 0x64, 0x3d, 0x22, 0x50, 0x61,
0x74, 0x68, 0x22, 0x20, 0x66, 0x69, 0x6c, 0x6c, 0x3d, 0x22, 0x23, 0x46, 0x46,
0x46, 0x46, 0x46, 0x46, 0x22, 0x3e, 0x3c, 0x2f, 0x70, 0x61, 0x74, 0x68, 0x3e,
0x0a, 0x20, 0x20, 0x20, 0x20, 0x3c, 0x2f, 0x67, 0x3e, 0x0a, 0x3c, 0x2f, 0x73,
0x76, 0x67, 0x3e };
IconMask iconMask10(iconMask10Data);

const uchar iconMask1Data[] = {
0x53, 0x56, 0x47, 0x3a, 0x53, 0x49, 0x5a, 0x45, 0x3a, 0x00, 0x00, 0x00, 0x1a,
0x00, 0x00, 0x00, 0x1a, 0x3c, 0x3f, 0x78, 0x6d, 0x6c, 0x20, 0x76, 0x65, 0x72,
0x73, 0x69, 0x6f, 0x6e, 0x3d, 0x22, 0x31, 0x2e, 0x30, 0x22, 0x20, 0x65, 0x6e,
0x63, 0x6f, 0x64, 0x69, 0x6e, 0x67, 0x3d, 0x22, 0x55, 0x54, 0x46, 0x2d, 0x38,
0x22, 0x3f, 0x3e, 0x0a, 0x3c, 0x73, 0x76, 0x67, 0x20, 0x77, 0x69, 0x64, 0x74,
0x68, 0x3d, 0x22, 0x37, 0x32, 0x70, 0x78, 0x22, 0x20, 0x68, 0x65, 0x69, 0x67,
0x68, 0x74, 0x3d, 0x22, 0x37, 0x32, 0x70, 0x78, 0x22, 0x20, 0x76, 0x69, 0x65,
0x77, 0x42, 0x6f, 0x78, 0x3d, 0x22, 0x30, 0x20, 0x30, 0x20, 0x37, 0x32, 0x20,
0x37, 0x32, 0x22, 0x20, 0x76, 0x65, 0x72, 0x73, 0x69, 0x6f, 0x6e, 0x3d, 0x22,
0x31, 0x2e, 0x31, 0x22, 0x20, 0x78, 0x6d, 0x6c, 0x6e, 0x73, 0x3d, 0x22, 0x68,
0x74, 0x74, 0x70, 0x3a, 0x2f, 0x2f, 0x77, 0x77, 0x77, 0x2e, 0x77, 0x33, 0x2e,
0x6f, 0x72, 0x67, 0x2f, 0x32, 0x30, 0x30, 0x30, 0x2f, 0x73, 0x76, 0x67, 0x22,
0x20, 0x78, 0x6d, 0x6c, 0x6e, 0x73, 0x3a, 0x78, 0x6c, 0x69, 0x6e, 0x6b, 0x3d,
0x22, 0x68, 0x74, 0x74, 0x70, 0x3a, 0x2f, 0x2f, 0x77, 0x77, 0x77, 0x2e, 0x77,
0x33, 0x2e, 0x6f, 0x72, 0x67, 0x2f, 0x31, 0x39, 0x39, 0x39, 0x2f, 0x78, 0x6c,
0x69, 0x6e, 0x6b, 0x22, 0x3e, 0x0a, 0x20, 0x20, 0x20, 0x20, 0x3c, 0x74, 0x69,
0x74, 0x6c, 0x65, 0x3e, 0x42, 0x61, 0x64, 0x67, 0x65, 0x20, 0x2f, 0x20, 0x6c,
0x65, 0x76, 0x65, 0x6c, 0x31, 0x5f, 0x69, 0x6e, 0x6e, 0x65, 0x72, 0x3c, 0x2f,
0x74, 0x69, 0x74, 0x6c, 0x65, 0x3e, 0x0a, 0x20, 0x20, 0x20, 0x20, 0x3c, 0x67,
0x20, 0x69, 0x64, 0x3d, 0x22, 0x42, 0x61, 0x64, 0x67, 0x65, 0x2d, 0x2f, 0x2d,
0x6c, 0x65, 0x76, 0x65, 0x6c, 0x31, 0x5f, 0x69, 0x6e, 0x6e, 0x65, 0x72, 0x22,
0x20, 0x73, 0x74, 0x72, 0x6f, 0x6b, 0x65, 0x3d, 0x22, 0x6e, 0x6f, 0x6e, 0x65,
0x22, 0x20, 0x73, 0x74, 0x72, 0x6f, 0x6b, 0x65, 0x2d, 0x77, 0x69, 0x64, 0x74,
0x68, 0x3d, 0x22, 0x31, 0x22, 0x20, 0x66, 0x69, 0x6c, 0x6c, 0x3d, 0x22, 0x6e,
0x6f, 0x6e, 0x65, 0x22, 0x20, 0x66, 0x69, 0x6c, 0x6c, 0x2d, 0x72, 0x75, 0x6c,
0x65, 0x3d, 0x22, 0x65, 0x76, 0x65, 0x6e, 0x6f, 0x64, 0x64, 0x22, 0x3e, 0x0a,
0x20, 0x20, 0x20, 0x20, 0x20, 0x20, 0x20, 0x20, 0x3c, 0x70, 0x61, 0x74, 0x68,
0x20, 0x64, 0x3d, 0x22, 0x4d, 0x35, 0x33, 0x2c, 0x34, 0x35, 0x20, 0x43, 0x35,
0x34, 0x2e, 0x36, 0x39, 0x34, 0x33, 0x33, 0x35, 0x39, 0x2c, 0x33, 0x39, 0x2e,
0x39, 0x31, 0x36, 0x39, 0x39, 0x32, 0x32, 0x20, 0x35, 0x35, 0x2e, 0x31, 0x39,
0x32, 0x35, 0x31, 0x35, 0x39, 0x2c, 0x33, 0x32, 0x2e, 0x34, 0x34, 0x31, 0x36,
0x37, 0x32, 0x35, 0x20, 0x35, 0x34, 0x2e, 0x34, 0x39, 0x34, 0x35, 0x34, 0x2c,
0x32, 0x32, 0x2e, 0x35, 0x37, 0x34, 0x30, 0x34, 0x30, 0x39, 0x20, 0x43, 0x35,
0x34, 0x2e, 0x32, 0x37, 0x30, 0x38, 0x39, 0x33, 0x31, 0x2c, 0x31, 0x39, 0x2e,
0x34, 0x33, 0x34, 0x32, 0x33, 0x39, 0x36, 0x20, 0x35, 0x31, 0x2e, 0x36, 0x35,
0x38, 0x39, 0x38, 0x36, 0x37, 0x2c, 0x31, 0x37, 0x2e, 0x30, 0x30, 0x30, 0x39,
0x31, 0x31, 0x34, 0x20, 0x34, 0x38, 0x2e, 0x35, 0x31, 0x31, 0x32, 0x33, 0x30,
0x35, 0x2c, 0x31, 0x37, 0x20, 0x4c, 0x32, 0x33, 0x2e, 0x34, 0x38, 0x38, 0x37,
0x36, 0x39, 0x35, 0x2c, 0x31, 0x37, 0x20, 0x43, 0x32, 0x30, 0x2e, 0x33, 0x34,
0x31, 0x30, 0x31, 0x33, 0x33, 0x2c, 0x31, 0x37, 0x2e, 0x30, 0x30, 0x30, 0x39,
0x31, 0x31, 0x34, 0x20, 0x31, 0x37, 0x2e, 0x37, 0x32, 0x39, 0x31, 0x30, 0x36,
0x39, 0x2c, 0x31, 0x39, 0x2e, 0x34, 0x33, 0x34, 0x32, 0x33, 0x39, 0x36, 0x20,
0x31, 0x37, 0x2e, 0x35, 0x30, 0x35, 0x34, 0x36, 0x2c, 0x32, 0x32, 0x2e, 0x35,
0x37, 0x34, 0x30, 0x34, 0x30, 0x39, 0x20, 0x43, 0x31, 0x36, 0x2e, 0x38, 0x30,
0x37, 0x34, 0x38, 0x34, 0x31, 0x2c, 0x33, 0x32, 0x2e, 0x34, 0x34, 0x31, 0x36,
0x37, 0x32, 0x35, 0x20, 0x31, 0x37, 0x2e, 0x33, 0x30, 0x35, 0x36, 0x36, 0x34,
0x31, 0x2c, 0x33, 0x39, 0x2e, 0x39, 0x31, 0x36, 0x39, 0x39, 0x32, 0x32, 0x20,
0x31, 0x39, 0x2c, 0x34, 0x35, 0x20, 0x43, 0x32, 0x30, 0x2e, 0x39, 0x39, 0x39,
0x39, 0x37, 0x38, 0x37, 0x2c, 0x35, 0x30, 0x2e, 0x39, 0x39, 0x39, 0x39, 0x33,
0x36, 0x31, 0x20, 0x33, 0x32, 0x2e, 0x38, 0x30, 0x35, 0x35, 0x38, 0x30, 0x32,
0x2c, 0x35, 0x37, 0x2e, 0x39, 0x34, 0x33, 0x38, 0x32, 0x37, 0x31, 0x20, 0x33,
0x36, 0x2e, 0x30, 0x31, 0x38, 0x31, 0x35, 0x31, 0x39, 0x2c, 0x35, 0x38, 0x2e,
0x30, 0x30, 0x30, 0x30, 0x34, 0x36, 0x37, 0x20, 0x43, 0x33, 0x39, 0x2e, 0x32,
0x33, 0x30, 0x37, 0x32, 0x33, 0x37, 0x2c, 0x35, 0x38, 0x2e, 0x30, 0x35, 0x35,
0x35, 0x31, 0x33, 0x36, 0x20, 0x35, 0x30, 0x2e, 0x37, 0x30, 0x33, 0x35, 0x33,
0x2c, 0x35, 0x31, 0x2e, 0x38, 0x38, 0x39, 0x34, 0x31, 0x30, 0x31, 0x20, 0x35,
0x33, 0x2c, 0x34, 0x35, 0x20, 0x5a, 0x22, 0x20, 0x69, 0x64, 0x3d, 0x22, 0x50,
0x61, 0x74, 0x68, 0x22, 0x20, 0x66, 0x69, 0x6c, 0x6c, 0x3d, 0x22, 0x23, 0x46,
0x46, 0x46, 0x46, 0x46, 0x46, 0x22, 0x3e, 0x3c, 0x2f, 0x70, 0x61, 0x74, 0x68,
0x3e, 0x0a, 0x20, 0x20, 0x20, 0x20, 0x3c, 0x2f, 0x67, 0x3e, 0x0a, 0x3c, 0x2f,
0x73, 0x76, 0x67, 0x3e };
IconMask iconMask1(iconMask1Data);

const uchar iconMask11Data[] = {
0x53, 0x56, 0x47, 0x3a, 0x53, 0x49, 0x5a, 0x45, 0x3a, 0x00, 0x00, 0x00, 0x1a,
0x00, 0x00, 0x00, 0x1a, 0x3c, 0x3f, 0x78, 0x6d, 0x6c, 0x20, 0x76, 0x65, 0x72,
0x73, 0x69, 0x6f, 0x6e, 0x3d, 0x22, 0x31, 0x2e, 0x30, 0x22, 0x20, 0x65, 0x6e,
0x63, 0x6f, 0x64, 0x69, 0x6e, 0x67, 0x3d, 0x22, 0x55, 0x54, 0x46, 0x2d, 0x38,
0x22, 0x3f, 0x3e, 0x0a, 0x3c, 0x73, 0x76, 0x67, 0x20, 0x77, 0x69, 0x64, 0x74,
0x68, 0x3d, 0x22, 0x37, 0x32, 0x70, 0x78, 0x22, 0x20, 0x68, 0x65, 0x69, 0x67,
0x68, 0x74, 0x3d, 0x22, 0x37, 0x32, 0x70, 0x78, 0x22, 0x20, 0x76, 0x69, 0x65,
0x77, 0x42, 0x6f, 0x78, 0x3d, 0x22, 0x30, 0x20, 0x30, 0x20, 0x37, 0x32, 0x20,
0x37, 0x32, 0x22, 0x20, 0x76, 0x65, 0x72, 0x73, 0x69, 0x6f, 0x6e, 0x3d, 0x22,
0x31, 0x2e, 0x31, 0x22, 0x20, 0x78, 0x6d, 0x6c, 0x6e, 0x73, 0x3d, 0x22, 0x68,
0x74, 0x74, 0x70, 0x3a, 0x2f, 0x2f, 0x77, 0x77, 0x77, 0x2e, 0x77, 0x33, 0x2e,
0x6f, 0x72, 0x67, 0x2f, 0x32, 0x30, 0x30, 0x30, 0x2f, 0x73, 0x76, 0x67, 0x22,
0x20, 0x78, 0x6d, 0x6c, 0x6e, 0x73, 0x3a, 0x78, 0x6c, 0x69, 0x6e, 0x6b, 0x3d,
0x22, 0x68, 0x74, 0x74, 0x70, 0x3a, 0x2f, 0x2f, 0x77, 0x77, 0x77, 0x2e, 0x77,
0x33, 0x2e, 0x6f, 0x72, 0x67, 0x2f, 0x31, 0x39, 0x39, 0x39, 0x2f, 0x78, 0x6c,
0x69, 0x6e, 0x6b, 0x22, 0x3e, 0x0a, 0x20, 0x20, 0x20, 0x20, 0x3c, 0x74, 0x69,
0x74, 0x6c, 0x65, 0x3e, 0x42, 0x61, 0x64, 0x67, 0x65, 0x20, 0x2f, 0x20, 0x6c,
0x65, 0x76, 0x65, 0x6c, 0x32, 0x30, 0x5f, 0x69, 0x6e, 0x6e, 0x65, 0x72, 0x3c,
0x2f, 0x74, 0x69, 0x74, 0x6c, 0x65, 0x3e, 0x0a, 0x20, 0x20, 0x20, 0x20, 0x3c,
0x67, 0x20, 0x69, 0x64, 0x3d, 0x22, 0x42, 0x61, 0x64, 0x67, 0x65, 0x2d, 0x2f,
0x2d, 0x6c, 0x65, 0x76, 0x65, 0x6c, 0x32, 0x30, 0x5f, 0x69, 0x6e, 0x6e, 0x65,
0x72, 0x22, 0x20, 0x73, 0x74, 0x72, 0x6f, 0x6b, 0x65, 0x3d, 0x22, 0x6e, 0x6f,
0x6e, 0x65, 0x22, 0x20, 0x73, 0x74, 0x72, 0x6f, 0x6b, 0x65, 0x2d, 0x77, 0x69,
0x64, 0x74, 0x68, 0x3d, 0x22, 0x31, 0x22, 0x20, 0x66, 0x69, 0x6c, 0x6c, 0x3d,
0x22, 0x6e, 0x6f, 0x6e, 0x65, 0x22, 0x20, 0x66, 0x69, 0x6c, 0x6c, 0x2d, 0x72,
0x75, 0x6c, 0x65, 0x3d, 0x22, 0x65, 0x76, 0x65, 0x6e, 0x6f, 0x64, 0x64, 0x22,
0x3e, 0x0a, 0x20, 0x20, 0x20, 0x20, 0x20, 0x20, 0x20, 0x20, 0x3c, 0x70, 0x61,
0x74, 0x68, 0x20, 0x64, 0x3d, 0x22, 0x4d, 0x31, 0x37, 0x2e, 0x35, 0x30, 0x36,
0x37, 0x31, 0x38, 0x38, 0x2c, 0x31, 0x33, 0x2e, 0x31, 0x35, 0x36, 0x35, 0x32,
0x31, 0x36, 0x20, 0x4c, 0x33, 0x35, 0x2e, 0x34, 0x39, 0x33, 0x32, 0x38, 0x31,
0x32, 0x2c, 0x31, 0x37, 0x2e, 0x38, 0x36, 0x37, 0x32, 0x38, 0x37, 0x39, 0x20,
0x43, 0x33, 0x35, 0x2e, 0x38, 0x32, 0x35, 0x34, 0x39, 0x31, 0x33, 0x2c, 0x31,
0x37, 0x2e, 0x39, 0x35, 0x34, 0x32, 0x39, 0x35, 0x33, 0x20, 0x33, 0x36, 0x2e,
0x31, 0x37, 0x34, 0x35, 0x30, 0x38, 0x37, 0x2c, 0x31, 0x37, 0x2e, 0x39, 0x35,
0x34, 0x32, 0x39, 0x35, 0x33, 0x20, 0x33, 0x36, 0x2e, 0x35, 0x30, 0x36, 0x37,
0x31, 0x38, 0x38, 0x2c, 0x31, 0x37, 0x2e, 0x38, 0x36, 0x37, 0x32, 0x38, 0x37,
0x39, 0x20, 0x4c, 0x35, 0x34, 0x2e, 0x34, 0x39, 0x33, 0x32, 0x38, 0x31, 0x32,
0x2c, 0x31, 0x33, 0x2e, 0x31, 0x35, 0x36, 0x35, 0x32, 0x31, 0x36, 0x20, 0x43,
0x35, 0x35, 0x2e, 0x35, 0x36, 0x31, 0x38, 0x31, 0x31, 0x31, 0x2c, 0x31, 0x32,
0x2e, 0x38, 0x37, 0x36, 0x36, 0x36, 0x38, 0x35, 0x20, 0x35, 0x36, 0x2e, 0x36,
0x35, 0x34, 0x38, 0x39, 0x31, 0x34, 0x2c, 0x31, 0x33, 0x2e, 0x35, 0x31, 0x36,
0x30, 0x31, 0x37, 0x34, 0x20, 0x35, 0x36, 0x2e, 0x39, 0x33, 0x34, 0x37, 0x34,
0x34, 0x34, 0x2c, 0x31, 0x34, 0x2e, 0x35, 0x38, 0x34, 0x35, 0x34, 0x37, 0x32,
0x20, 0x43, 0x35, 0x36, 0x2e, 0x39, 0x37, 0x38, 0x30, 0x36, 0x39, 0x33, 0x2c,
0x31, 0x34, 0x2e, 0x37, 0x34, 0x39, 0x39, 0x36, 0x39, 0x33, 0x20, 0x35, 0x37,
0x2c, 0x31, 0x34, 0x2e, 0x39, 0x32, 0x30, 0x32, 0x36, 0x34, 0x36, 0x20, 0x35,
0x37, 0x2c, 0x31, 0x35, 0x2e, 0x30, 0x39, 0x31, 0x32, 0x36, 0x36, 0x20, 0x4c,
0x35, 0x37, 0x2c, 0x35, 0x30, 0x20, 0x43, 0x35, 0x37, 0x2c, 0x35, 0x33, 0x2e,
0x38, 0x36, 0x35, 0x39, 0x39, 0x33, 0x32, 0x20, 0x35, 0x33, 0x2e, 0x38, 0x36,
0x35, 0x39, 0x39, 0x33, 0x32, 0x2c, 0x35, 0x37, 0x20, 0x35, 0x30, 0x2c, 0x35,
0x37, 0x20, 0x4c, 0x32, 0x32, 0x2c, 0x35, 0x37, 0x20, 0x43, 0x31, 0x38, 0x2e,
0x31, 0x33, 0x34, 0x30, 0x30, 0x36, 0x38, 0x2c, 0x35, 0x37, 0x20, 0x31, 0x35,
0x2c, 0x35, 0x33, 0x2e, 0x38, 0x36, 0x35, 0x39, 0x39, 0x33, 0x32, 0x20, 0x31,
0x35, 0x2c, 0x35, 0x30, 0x20, 0x4c, 0x31, 0x35, 0x2c, 0x31, 0x35, 0x2e, 0x30,
0x39, 0x31, 0x32, 0x36, 0x36, 0x20, 0x43, 0x31, 0x35, 0x2c, 0x31, 0x33, 0x2e,
0x39, 0x38, 0x36, 0x36, 0x39, 0x36, 0x35, 0x20, 0x31, 0x35, 0x2e, 0x38, 0x39,
0x35, 0x34, 0x33, 0x30, 0x35, 0x2c, 0x31, 0x33, 0x2e, 0x30, 0x39, 0x31, 0x32,
0x36, 0x36, 0x20, 0x31, 0x37, 0x2c, 0x31, 0x33, 0x2e, 0x30, 0x39, 0x31, 0x32,
0x36, 0x36, 0x20, 0x43, 0x31, 0x37, 0x2e, 0x31, 0x37, 0x31, 0x30, 0x30, 0x31,
0x34, 0x2c, 0x31, 0x33, 0x2e, 0x30, 0x39, 0x31, 0x32, 0x36, 0x36, 0x20, 0x31,
0x37, 0x2e, 0x33, 0x34, 0x31, 0x32, 0x39, 0x36, 0x38, 0x2c, 0x31, 0x33, 0x2e,
0x31, 0x31, 0x33, 0x31, 0x39, 0x36, 0x38, 0x20, 0x31, 0x37, 0x2e, 0x35, 0x30,
0x36, 0x37, 0x31, 0x38, 0x38, 0x2c, 0x31, 0x33, 0x2e, 0x31, 0x35, 0x36, 0x35,
0x32, 0x31, 0x36, 0x20, 0x5a, 0x22, 0x20, 0x69, 0x64, 0x3d, 0x22, 0x50, 0x61,
0x74, 0x68, 0x22, 0x20, 0x66, 0x69, 0x6c, 0x6c, 0x3d, 0x22, 0x23, 0x46, 0x46,
0x46, 0x46, 0x46, 0x46, 0x22, 0x3e, 0x3c, 0x2f, 0x70, 0x61, 0x74, 0x68, 0x3e,
0x0a, 0x20, 0x20, 0x20, 0x20, 0x3c, 0x2f, 0x67, 0x3e, 0x0a, 0x3c, 0x2f, 0x73,
0x76, 0x67, 0x3e };
IconMask iconMask11(iconMask11Data);

const uchar iconMask2Data[] = {
0x53, 0x56, 0x47, 0x3a, 0x53, 0x49, 0x5a, 0x45, 0x3a, 0x00, 0x00, 0x00, 0x1a,
0x00, 0x00, 0x00, 0x1a, 0x3c, 0x3f, 0x78, 0x6d, 0x6c, 0x20, 0x76, 0x65, 0x72,
0x73, 0x69, 0x6f, 0x6e, 0x3d, 0x22, 0x31, 0x2e, 0x30, 0x22, 0x20, 0x65, 0x6e,
0x63, 0x6f, 0x64, 0x69, 0x6e, 0x67, 0x3d, 0x22, 0x55, 0x54, 0x46, 0x2d, 0x38,
0x22, 0x3f, 0x3e, 0x0a, 0x3c, 0x73, 0x76, 0x67, 0x20, 0x77, 0x69, 0x64, 0x74,
0x68, 0x3d, 0x22, 0x37, 0x32, 0x70, 0x78, 0x22, 0x20, 0x68, 0x65, 0x69, 0x67,
0x68, 0x74, 0x3d, 0x22, 0x37, 0x32, 0x70, 0x78, 0x22, 0x20, 0x76, 0x69, 0x65,
0x77, 0x42, 0x6f, 0x78, 0x3d, 0x22, 0x30, 0x20, 0x30, 0x20, 0x37, 0x32, 0x20,
0x37, 0x32, 0x22, 0x20, 0x76, 0x65, 0x72, 0x73, 0x69, 0x6f, 0x6e, 0x3d, 0x22,
0x31, 0x2e, 0x31, 0x22, 0x20, 0x78, 0x6d, 0x6c, 0x6e, 0x73, 0x3d, 0x22, 0x68,
0x74, 0x74, 0x70, 0x3a, 0x2f, 0x2f, 0x77, 0x77, 0x77, 0x2e, 0x77, 0x33, 0x2e,
0x6f, 0x72, 0x67, 0x2f, 0x32, 0x30, 0x30, 0x30, 0x2f, 0x73, 0x76, 0x67, 0x22,
0x20, 0x78, 0x6d, 0x6c, 0x6e, 0x73, 0x3a, 0x78, 0x6c, 0x69, 0x6e, 0x6b, 0x3d,
0x22, 0x68, 0x74, 0x74, 0x70, 0x3a, 0x2f, 0x2f, 0x77, 0x77, 0x77, 0x2e, 0x77,
0x33, 0x2e, 0x6f, 0x72, 0x67, 0x2f, 0x31, 0x39, 0x39, 0x39, 0x2f, 0x78, 0x6c,
0x69, 0x6e, 0x6b, 0x22, 0x3e, 0x0a, 0x20, 0x20, 0x20, 0x20, 0x3c, 0x74, 0x69,
0x74, 0x6c, 0x65, 0x3e, 0x42, 0x61, 0x64, 0x67, 0x65, 0x20, 0x2f, 0x20, 0x6c,
0x65, 0x76, 0x65, 0x6c, 0x32, 0x5f, 0x69, 0x6e, 0x6e, 0x65, 0x72, 0x3c, 0x2f,
0x74, 0x69, 0x74, 0x6c, 0x65, 0x3e, 0x0a, 0x20, 0x20, 0x20, 0x20, 0x3c, 0x67,
0x20, 0x69, 0x64, 0x3d, 0x22, 0x42, 0x61, 0x64, 0x67, 0x65, 0x2d, 0x2f, 0x2d,
0x6c, 0x65, 0x76, 0x65, 0x6c, 0x32, 0x5f, 0x69, 0x6e, 0x6e, 0x65, 0x72, 0x22,
0x20, 0x73, 0x74, 0x72, 0x6f, 0x6b, 0x65, 0x3d, 0x22, 0x6e, 0x6f, 0x6e, 0x65,
0x22, 0x20, 0x73, 0x74, 0x72, 0x6f, 0x6b, 0x65, 0x2d, 0x77, 0x69, 0x64, 0x74,
0x68, 0x3d, 0x22, 0x31, 0x22, 0x20, 0x66, 0x69, 0x6c, 0x6c, 0x3d, 0x22, 0x6e,
0x6f, 0x6e, 0x65, 0x22, 0x20, 0x66, 0x69, 0x6c, 0x6c, 0x2d, 0x72, 0x75, 0x6c,
0x65, 0x3d, 0x22, 0x65, 0x76, 0x65, 0x6e, 0x6f, 0x64, 0x64, 0x22, 0x3e, 0x0a,
0x20, 0x20, 0x20, 0x20, 0x20, 0x20, 0x20, 0x20, 0x3c, 0x70, 0x61, 0x74, 0x68,
0x20, 0x64, 0x3d, 0x22, 0x4d, 0x32, 0x38, 0x2c, 0x31, 0x35, 0x20, 0x4c, 0x34,
0x34, 0x2c, 0x31, 0x35, 0x20, 0x43, 0x35, 0x31, 0x2e, 0x31, 0x37, 0x39, 0x37,
0x30, 0x31, 0x37, 0x2c, 0x31, 0x35, 0x20, 0x35, 0x37, 0x2c, 0x32, 0x30, 0x2e,
0x38, 0x32, 0x30, 0x32, 0x39, 0x38, 0x33, 0x20, 0x35, 0x37, 0x2c, 0x32, 0x38,
0x20, 0x4c, 0x35, 0x37, 0x2c, 0x34, 0x34, 0x20, 0x43, 0x35, 0x37, 0x2c, 0x35,
0x31, 0x2e, 0x31, 0x37, 0x39, 0x37, 0x30, 0x31, 0x37, 0x20, 0x35, 0x31, 0x2e,
0x31, 0x37, 0x39, 0x37, 0x30, 0x31, 0x37, 0x2c, 0x35, 0x37, 0x20, 0x34, 0x34,
0x2c, 0x35, 0x37, 0x20, 0x4c, 0x32, 0x38, 0x2c, 0x35, 0x37, 0x20, 0x43, 0x32,
0x30, 0x2e, 0x38, 0x32, 0x30, 0x32, 0x39, 0x38, 0x33, 0x2c, 0x35, 0x37, 0x20,
0x31, 0x35, 0x2c, 0x35, 0x31, 0x2e, 0x31, 0x37, 0x39, 0x37, 0x30, 0x31, 0x37,
0x20, 0x31, 0x35, 0x2c, 0x34, 0x34, 0x20, 0x4c, 0x31, 0x35, 0x2c, 0x32, 0x38,
0x20, 0x43, 0x31, 0x35, 0x2c, 0x32, 0x30, 0x2e, 0x38, 0x32, 0x30, 0x32, 0x39,
0x38, 0x33, 0x20, 0x32, 0x30, 0x2e, 0x38, 0x32, 0x30, 0x32, 0x39, 0x38, 0x33,
0x2c, 0x31, 0x35, 0x20, 0x32, 0x38, 0x2c, 0x31, 0x35, 0x20, 0x5a, 0x22, 0x20,
0x69, 0x64, 0x3d, 0x22, 0x52, 0x65, 0x63, 0x74, 0x61, 0x6e, 0x67, 0x6c, 0x65,
0x22, 0x20, 0x66, 0x69, 0x6c, 0x6c, 0x3d, 0x22, 0x23, 0x46, 0x46, 0x46, 0x46,
0x46, 0x46, 0x22, 0x3e, 0x3c, 0x2f, 0x70, 0x61, 0x74, 0x68, 0x3e, 0x0a, 0x20,
0x20, 0x20, 0x20, 0x3c, 0x2f, 0x67, 0x3e, 0x0a, 0x3c, 0x2f, 0x73, 0x76, 0x67,
0x3e };
IconMask iconMask2(iconMask2Data);

const uchar iconMask12Data[] = {
0x53, 0x56, 0x47, 0x3a, 0x53, 0x49, 0x5a, 0x45, 0x3a, 0x00, 0x00, 0x00, 0x1a,
0x00, 0x00, 0x00, 0x1a, 0x3c, 0x3f, 0x78, 0x6d, 0x6c, 0x20, 0x76, 0x65, 0x72,
0x73, 0x69, 0x6f, 0x6e, 0x3d, 0x22, 0x31, 0x2e, 0x30, 0x22, 0x20, 0x65, 0x6e,
0x63, 0x6f, 0x64, 0x69, 0x6e, 0x67, 0x3d, 0x22, 0x55, 0x54, 0x46, 0x2d, 0x38,
0x22, 0x3f, 0x3e, 0x0a, 0x3c, 0x73, 0x76, 0x67, 0x20, 0x77, 0x69, 0x64, 0x74,
0x68, 0x3d, 0x22, 0x37, 0x32, 0x70, 0x78, 0x22, 0x20, 0x68, 0x65, 0x69, 0x67,
0x68, 0x74, 0x3d, 0x22, 0x37, 0x32, 0x70, 0x78, 0x22, 0x20, 0x76, 0x69, 0x65,
0x77, 0x42, 0x6f, 0x78, 0x3d, 0x22, 0x30, 0x20, 0x30, 0x20, 0x37, 0x32, 0x20,
0x37, 0x32, 0x22, 0x20, 0x76, 0x65, 0x72, 0x73, 0x69, 0x6f, 0x6e, 0x3d, 0x22,
0x31, 0x2e, 0x31, 0x22, 0x20, 0x78, 0x6d, 0x6c, 0x6e, 0x73, 0x3d, 0x22, 0x68,
0x74, 0x74, 0x70, 0x3a, 0x2f, 0x2f, 0x77, 0x77, 0x77, 0x2e, 0x77, 0x33, 0x2e,
0x6f, 0x72, 0x67, 0x2f, 0x32, 0x30, 0x30, 0x30, 0x2f, 0x73, 0x76, 0x67, 0x22,
0x20, 0x78, 0x6d, 0x6c, 0x6e, 0x73, 0x3a, 0x78, 0x6c, 0x69, 0x6e, 0x6b, 0x3d,
0x22, 0x68, 0x74, 0x74, 0x70, 0x3a, 0x2f, 0x2f, 0x77, 0x77, 0x77, 0x2e, 0x77,
0x33, 0x2e, 0x6f, 0x72, 0x67, 0x2f, 0x31, 0x39, 0x39, 0x39, 0x2f, 0x78, 0x6c,
0x69, 0x6e, 0x6b, 0x22, 0x3e, 0x0a, 0x20, 0x20, 0x20, 0x20, 0x3c, 0x74, 0x69,
0x74, 0x6c, 0x65, 0x3e, 0x42, 0x61, 0x64, 0x67, 0x65, 0x20, 0x2f, 0x20, 0x6c,
0x65, 0x76, 0x65, 0x6c, 0x33, 0x30, 0x5f, 0x69, 0x6e, 0x6e, 0x65, 0x72, 0x3c,
0x2f, 0x74, 0x69, 0x74, 0x6c, 0x65, 0x3e, 0x0a, 0x20, 0x20, 0x20, 0x20, 0x3c,
0x67, 0x20, 0x69, 0x64, 0x3d, 0x22, 0x42, 0x61, 0x64, 0x67, 0x65, 0x2d, 0x2f,
0x2d, 0x6c, 0x65, 0x76, 0x65, 0x6c, 0x33, 0x30, 0x5f, 0x69, 0x6e, 0x6e, 0x65,
0x72, 0x22, 0x20, 0x73, 0x74, 0x72, 0x6f, 0x6b, 0x65, 0x3d, 0x22, 0x6e, 0x6f,
0x6e, 0x65, 0x22, 0x20, 0x73, 0x74, 0x72, 0x6f, 0x6b, 0x65, 0x2d, 0x77, 0x69,
0x64, 0x74, 0x68, 0x3d, 0x22, 0x31, 0x22, 0x20, 0x66, 0x69, 0x6c, 0x6c, 0x3d,
0x22, 0x6e, 0x6f, 0x6e, 0x65, 0x22, 0x20, 0x66, 0x69, 0x6c, 0x6c, 0x2d, 0x72,
0x75, 0x6c, 0x65, 0x3d, 0x22, 0x65, 0x76, 0x65, 0x6e, 0x6f, 0x64, 0x64, 0x22,
0x3e, 0x0a, 0x20, 0x20, 0x20, 0x20, 0x20, 0x20, 0x20, 0x20, 0x3c, 0x70, 0x61,
0x74, 0x68, 0x20, 0x64, 0x3d, 0x22, 0x4d, 0x31, 0x37, 0x2e, 0x35, 0x30, 0x36,
0x37, 0x31, 0x38, 0x38, 0x2c, 0x31, 0x33, 0x2e, 0x31, 0x35, 0x36, 0x35, 0x32,
0x31, 0x36, 0x20, 0x4c, 0x33, 0x35, 0x2e, 0x34, 0x39, 0x33, 0x32, 0x38, 0x31,
0x32, 0x2c, 0x31, 0x37, 0x2e, 0x38, 0x36, 0x37, 0x32, 0x38, 0x37, 0x39, 0x20,
0x43, 0x33, 0x35, 0x2e, 0x38, 0x32, 0x35, 0x34, 0x39, 0x31, 0x33, 0x2c, 0x31,
0x37, 0x2e, 0x39, 0x35, 0x34, 0x32, 0x39, 0x35, 0x33, 0x20, 0x33, 0x36, 0x2e,
0x31, 0x37, 0x34, 0x35, 0x30, 0x38, 0x37, 0x2c, 0x31, 0x37, 0x2e, 0x39, 0x35,
0x34, 0x32, 0x39, 0x35, 0x33, 0x20, 0x33, 0x36, 0x2e, 0x35, 0x30, 0x36, 0x37,
0x31, 0x38, 0x38, 0x2c, 0x31, 0x37, 0x2e, 0x38, 0x36, 0x37, 0x32, 0x38, 0x37,
0x39, 0x20, 0x4c, 0x35, 0x34, 0x2e, 0x34, 0x39, 0x33, 0x32, 0x38, 0x31, 0x32,
0x2c, 0x31, 0x33, 0x2e, 0x31, 0x35, 0x36, 0x35, 0x32, 0x31, 0x36, 0x20, 0x43,
0x35, 0x35, 0x2e, 0x35, 0x36, 0x31, 0x38, 0x31, 0x31, 0x31, 0x2c, 0x31, 0x32,
0x2e, 0x38, 0x37, 0x36, 0x36, 0x36, 0x38, 0x35, 0x20, 0x35, 0x36, 0x2e, 0x36,
0x35, 0x34, 0x38, 0x39, 0x31, 0x34, 0x2c, 0x31, 0x33, 0x2e, 0x35, 0x31, 0x36,
0x30, 0x31, 0x37, 0x34, 0x20, 0x35, 0x36, 0x2e, 0x39, 0x33, 0x34, 0x37, 0x34,
0x34, 0x34, 0x2c, 0x31, 0x34, 0x2e, 0x35, 0x38, 0x34, 0x35, 0x34, 0x37, 0x32,
0x20, 0x43, 0x35, 0x36, 0x2e, 0x39, 0x37, 0x38, 0x30, 0x36, 0x39, 0x33, 0x2c,
0x31, 0x34, 0x2e, 0x37, 0x34, 0x39, 0x39, 0x36, 0x39, 0x33, 0x20, 0x35, 0x37,
0x2c, 0x31, 0x34, 0x2e, 0x39, 0x32, 0x30, 0x32, 0x36, 0x34, 0x36, 0x20, 0x35,
0x37, 0x2c, 0x31, 0x35, 0x2e, 0x30, 0x39, 0x31, 0x32, 0x36, 0x36, 0x20, 0x4c,
0x35, 0x37, 0x2c, 0x34, 0x37, 0x2e, 0x32, 0x37, 0x34, 0x30, 0x38, 0x30, 0x37,
0x20, 0x43, 0x35, 0x37, 0x2c, 0x34, 0x39, 0x2e, 0x32, 0x33, 0x38, 0x30, 0x34,
0x39, 0x36, 0x20, 0x35, 0x35, 0x2e, 0x38, 0x35, 0x30, 0x32, 0x32, 0x37, 0x2c,
0x35, 0x31, 0x2e, 0x30, 0x32, 0x30, 0x31, 0x33, 0x35, 0x34, 0x20, 0x35, 0x34,
0x2e, 0x30, 0x36, 0x30, 0x38, 0x33, 0x39, 0x33, 0x2c, 0x35, 0x31, 0x2e, 0x38,
0x32, 0x39, 0x36, 0x32, 0x30, 0x33, 0x20, 0x4c, 0x33, 0x37, 0x2e, 0x32, 0x33,
0x36, 0x35, 0x30, 0x33, 0x36, 0x2c, 0x35, 0x39, 0x2e, 0x34, 0x34, 0x30, 0x36,
0x32, 0x39, 0x33, 0x20, 0x43, 0x33, 0x36, 0x2e, 0x34, 0x35, 0x30, 0x35, 0x31,
0x30, 0x35, 0x2c, 0x35, 0x39, 0x2e, 0x37, 0x39, 0x36, 0x31, 0x39, 0x37, 0x36,
0x20, 0x33, 0x35, 0x2e, 0x35, 0x34, 0x39, 0x34, 0x38, 0x39, 0x35, 0x2c, 0x35,
0x39, 0x2e, 0x37, 0x39, 0x36, 0x31, 0x39, 0x37, 0x36, 0x20, 0x33, 0x34, 0x2e,
0x37, 0x36, 0x33, 0x34, 0x39, 0x36, 0x34, 0x2c, 0x35, 0x39, 0x2e, 0x34, 0x34,
0x30, 0x36, 0x32, 0x39, 0x33, 0x20, 0x4c, 0x31, 0x37, 0x2e, 0x39, 0x33, 0x39,
0x31, 0x36, 0x30, 0x37, 0x2c, 0x35, 0x31, 0x2e, 0x38, 0x32, 0x39, 0x36, 0x32,
0x30, 0x33, 0x20, 0x43, 0x31, 0x36, 0x2e, 0x31, 0x34, 0x39, 0x37, 0x37, 0x33,
0x2c, 0x35, 0x31, 0x2e, 0x30, 0x32, 0x30, 0x31, 0x33, 0x35, 0x34, 0x20, 0x31,
0x35, 0x2c, 0x34, 0x39, 0x2e, 0x32, 0x33, 0x38, 0x30, 0x34, 0x39, 0x36, 0x20,
0x31, 0x35, 0x2c, 0x34, 0x37, 0x2e, 0x32, 0x37, 0x34, 0x30, 0x38, 0x30, 0x37,
0x20, 0x4c, 0x31, 0x35, 0x2c, 0x31, 0x35, 0x2e, 0x30, 0x39, 0x31, 0x32, 0x36,
0x36, 0x20, 0x43, 0x31, 0x35, 0x2c, 0x31, 0x33, 0x2e, 0x39, 0x38, 0x36, 0x36,
0x39, 0x36, 0x35, 0x20, 0x31, 0x35, 0x2e, 0x38, 0x39, 0x35, 0x34, 0x33, 0x30,
0x35, 0x2c, 0x31, 0x33, 0x2e, 0x30, 0x39, 0x31, 0x32, 0x36, 0x36, 0x20, 0x31,
0x37, 0x2c, 0x31, 0x33, 0x2e, 0x30, 0x39, 0x31, 0x32, 0x36, 0x36, 0x20, 0x43,
0x31, 0x37, 0x2e, 0x31, 0x37, 0x31, 0x30, 0x30, 0x31, 0x34, 0x2c, 0x31, 0x33,
0x2e, 0x30, 0x39, 0x31, 0x32, 0x36, 0x36, 0x20, 0x31, 0x37, 0x2e, 0x33, 0x34,
0x31, 0x32, 0x39, 0x36, 0x38, 0x2c, 0x31, 0x33, 0x2e, 0x31, 0x31, 0x33, 0x31,
0x39, 0x36, 0x38, 0x20, 0x31, 0x37, 0x2e, 0x35, 0x30, 0x36, 0x37, 0x31, 0x38,
0x38, 0x2c, 0x31, 0x33, 0x2e, 0x31, 0x35, 0x36, 0x35, 0x32, 0x31, 0x36, 0x20,
0x5a, 0x22, 0x20, 0x69, 0x64, 0x3d, 0x22, 0x50, 0x61, 0x74, 0x68, 0x22, 0x20,
0x66, 0x69, 0x6c, 0x6c, 0x3d, 0x22, 0x23, 0x46, 0x46, 0x46, 0x46, 0x46, 0x46,
0x22, 0x3e, 0x3c, 0x2f, 0x70, 0x61, 0x74, 0x68, 0x3e, 0x0a, 0x20, 0x20, 0x20,
0x20, 0x3c, 0x2f, 0x67, 0x3e, 0x0a, 0x3c, 0x2f, 0x73, 0x76, 0x67, 0x3e };
IconMask iconMask12(iconMask12Data);

const uchar iconMask3Data[] = {
0x53, 0x56, 0x47, 0x3a, 0x53, 0x49, 0x5a, 0x45, 0x3a, 0x00, 0x00, 0x00, 0x1a,
0x00, 0x00, 0x00, 0x1a, 0x3c, 0x3f, 0x78, 0x6d, 0x6c, 0x20, 0x76, 0x65, 0x72,
0x73, 0x69, 0x6f, 0x6e, 0x3d, 0x22, 0x31, 0x2e, 0x30, 0x22, 0x20, 0x65, 0x6e,
0x63, 0x6f, 0x64, 0x69, 0x6e, 0x67, 0x3d, 0x22, 0x55, 0x54, 0x46, 0x2d, 0x38,
0x22, 0x3f, 0x3e, 0x0a, 0x3c, 0x73, 0x76, 0x67, 0x20, 0x77, 0x69, 0x64, 0x74,
0x68, 0x3d, 0x22, 0x37, 0x32, 0x70, 0x78, 0x22, 0x20, 0x68, 0x65, 0x69, 0x67,
0x68, 0x74, 0x3d, 0x22, 0x37, 0x32, 0x70, 0x78, 0x22, 0x20, 0x76, 0x69, 0x65,
0x77, 0x42, 0x6f, 0x78, 0x3d, 0x22, 0x30, 0x20, 0x30, 0x20, 0x37, 0x32, 0x20,
0x37, 0x32, 0x22, 0x20, 0x76, 0x65, 0x72, 0x73, 0x69, 0x6f, 0x6e, 0x3d, 0x22,
0x31, 0x2e, 0x31, 0x22, 0x20, 0x78, 0x6d, 0x6c, 0x6e, 0x73, 0x3d, 0x22, 0x68,
0x74, 0x74, 0x70, 0x3a, 0x2f, 0x2f, 0x77, 0x77, 0x77, 0x2e, 0x77, 0x33, 0x2e,
0x6f, 0x72, 0x67, 0x2f, 0x32, 0x30, 0x30, 0x30, 0x2f, 0x73, 0x76, 0x67, 0x22,
0x20, 0x78, 0x6d, 0x6c, 0x6e, 0x73, 0x3a, 0x78, 0x6c, 0x69, 0x6e, 0x6b, 0x3d,
0x22, 0x68, 0x74, 0x74, 0x70, 0x3a, 0x2f, 0x2f, 0x77, 0x77, 0x77, 0x2e, 0x77,
0x33, 0x2e, 0x6f, 0x72, 0x67, 0x2f, 0x31, 0x39, 0x39, 0x39, 0x2f, 0x78, 0x6c,
0x69, 0x6e, 0x6b, 0x22, 0x3e, 0x0a, 0x20, 0x20, 0x20, 0x20, 0x3c, 0x74, 0x69,
0x74, 0x6c, 0x65, 0x3e, 0x42, 0x61, 0x64, 0x67, 0x65, 0x20, 0x2f, 0x20, 0x6c,
0x65, 0x76, 0x65, 0x6c, 0x33, 0x5f, 0x69, 0x6e, 0x6e, 0x65, 0x72, 0x3c, 0x2f,
0x74, 0x69, 0x74, 0x6c, 0x65, 0x3e, 0x0a, 0x20, 0x20, 0x20, 0x20, 0x3c, 0x67,
0x20, 0x69, 0x64, 0x3d, 0x22, 0x42, 0x61, 0x64, 0x67, 0x65, 0x2d, 0x2f, 0x2d,
0x6c, 0x65, 0x76, 0x65, 0x6c, 0x33, 0x5f, 0x69, 0x6e, 0x6e, 0x65, 0x72, 0x22,
0x20, 0x73, 0x74, 0x72, 0x6f, 0x6b, 0x65, 0x3d, 0x22, 0x6e, 0x6f, 0x6e, 0x65,
0x22, 0x20, 0x73, 0x74, 0x72, 0x6f, 0x6b, 0x65, 0x2d, 0x77, 0x69, 0x64, 0x74,
0x68, 0x3d, 0x22, 0x31, 0x22, 0x20, 0x66, 0x69, 0x6c, 0x6c, 0x3d, 0x22, 0x6e,
0x6f, 0x6e, 0x65, 0x22, 0x20, 0x66, 0x69, 0x6c, 0x6c, 0x2d, 0x72, 0x75, 0x6c,
0x65, 0x3d, 0x22, 0x65, 0x76, 0x65, 0x6e, 0x6f, 0x64, 0x64, 0x22, 0x3e, 0x0a,
0x20, 0x20, 0x20, 0x20, 0x20, 0x20, 0x20, 0x20, 0x3c, 0x70, 0x61, 0x74, 0x68,
0x20, 0x64, 0x3d, 0x22, 0x4d, 0x33, 0x35, 0x2e, 0x38, 0x35, 0x34, 0x34, 0x33,
0x32, 0x33, 0x2c, 0x31, 0x36, 0x2e, 0x35, 0x20, 0x43, 0x34, 0x32, 0x2e, 0x35,
0x36, 0x30, 0x33, 0x35, 0x37, 0x39, 0x2c, 0x31, 0x36, 0x2e, 0x35, 0x20, 0x34,
0x38, 0x2e, 0x39, 0x37, 0x37, 0x32, 0x33, 0x33, 0x39, 0x2c, 0x31, 0x37, 0x2e,
0x33, 0x31, 0x34, 0x32, 0x36, 0x39, 0x35, 0x20, 0x35, 0x35, 0x2e, 0x31, 0x31,
0x32, 0x37, 0x39, 0x30, 0x39, 0x2c, 0x31, 0x38, 0x2e, 0x39, 0x34, 0x30, 0x33,
0x38, 0x35, 0x35, 0x20, 0x43, 0x35, 0x37, 0x2e, 0x38, 0x37, 0x32, 0x30, 0x33,
0x36, 0x37, 0x2c, 0x31, 0x39, 0x2e, 0x36, 0x37, 0x32, 0x31, 0x37, 0x34, 0x38,
0x20, 0x35, 0x39, 0x2e, 0x35, 0x39, 0x38, 0x34, 0x30, 0x35, 0x33, 0x2c, 0x32,
0x32, 0x2e, 0x34, 0x30, 0x39, 0x38, 0x38, 0x37, 0x34, 0x20, 0x35, 0x39, 0x2e,
0x30, 0x36, 0x39, 0x35, 0x35, 0x36, 0x34, 0x2c, 0x32, 0x35, 0x2e, 0x32, 0x31,
0x35, 0x31, 0x30, 0x39, 0x36, 0x20, 0x4c, 0x35, 0x38, 0x2e, 0x39, 0x31, 0x36,
0x31, 0x36, 0x38, 0x38, 0x2c, 0x32, 0x35, 0x2e, 0x39, 0x39, 0x35, 0x32, 0x34,
0x34, 0x36, 0x20, 0x43, 0x35, 0x37, 0x2e, 0x36, 0x34, 0x39, 0x32, 0x37, 0x34,
0x34, 0x2c, 0x33, 0x32, 0x2e, 0x32, 0x33, 0x34, 0x35, 0x32, 0x34, 0x38, 0x20,
0x35, 0x35, 0x2e, 0x33, 0x35, 0x38, 0x33, 0x38, 0x39, 0x38, 0x2c, 0x33, 0x38,
0x2e, 0x32, 0x33, 0x32, 0x35, 0x39, 0x31, 0x34, 0x20, 0x35, 0x32, 0x2e, 0x30,
0x33, 0x33, 0x39, 0x39, 0x34, 0x37, 0x2c, 0x34, 0x34, 0x2e, 0x30, 0x30, 0x33,
0x33, 0x30, 0x30, 0x38, 0x20, 0x43, 0x34, 0x38, 0x2e, 0x34, 0x36, 0x32, 0x33,
0x37, 0x33, 0x38, 0x2c, 0x35, 0x30, 0x2e, 0x32, 0x30, 0x33, 0x31, 0x36, 0x31,
0x37, 0x20, 0x34, 0x34, 0x2e, 0x32, 0x33, 0x31, 0x39, 0x37, 0x32, 0x34, 0x2c,
0x35, 0x34, 0x2e, 0x38, 0x39, 0x38, 0x33, 0x32, 0x34, 0x36, 0x20, 0x33, 0x39,
0x2e, 0x33, 0x34, 0x34, 0x39, 0x33, 0x32, 0x32, 0x2c, 0x35, 0x38, 0x2e, 0x31,
0x34, 0x31, 0x32, 0x33, 0x36, 0x36, 0x20, 0x4c, 0x33, 0x38, 0x2e, 0x38, 0x30,
0x38, 0x2c, 0x35, 0x38, 0x2e, 0x34, 0x39, 0x20, 0x4c, 0x33, 0x38, 0x2e, 0x36,
0x33, 0x36, 0x36, 0x34, 0x39, 0x36, 0x2c, 0x35, 0x38, 0x2e, 0x35, 0x39, 0x33,
0x35, 0x36, 0x39, 0x31, 0x20, 0x43, 0x33, 0x37, 0x2e, 0x30, 0x31, 0x34, 0x38,
0x35, 0x34, 0x38, 0x2c, 0x35, 0x39, 0x2e, 0x35, 0x32, 0x34, 0x31, 0x30, 0x32,
0x31, 0x20, 0x33, 0x35, 0x2e, 0x30, 0x32, 0x36, 0x38, 0x39, 0x32, 0x32, 0x2c,
0x35, 0x39, 0x2e, 0x35, 0x35, 0x37, 0x32, 0x31, 0x34, 0x33, 0x20, 0x33, 0x33,
0x2e, 0x33, 0x37, 0x35, 0x30, 0x30, 0x37, 0x31, 0x2c, 0x35, 0x38, 0x2e, 0x36,
0x38, 0x31, 0x32, 0x30, 0x38, 0x37, 0x20, 0x4c, 0x33, 0x33, 0x2e, 0x32, 0x34,
0x34, 0x2c, 0x35, 0x38, 0x2e, 0x36, 0x30, 0x39, 0x20, 0x4c, 0x33, 0x33, 0x2e,
0x31, 0x35, 0x33, 0x38, 0x36, 0x37, 0x32, 0x2c, 0x35, 0x38, 0x2e, 0x35, 0x35,
0x34, 0x38, 0x38, 0x30, 0x32, 0x20, 0x43, 0x32, 0x37, 0x2e, 0x34, 0x36, 0x31,
0x30, 0x32, 0x32, 0x36, 0x2c, 0x35, 0x35, 0x2e, 0x31, 0x38, 0x33, 0x37, 0x30,
0x32, 0x31, 0x20, 0x32, 0x32, 0x2e, 0x38, 0x35, 0x36, 0x36, 0x31, 0x31, 0x39,
0x2c, 0x35, 0x30, 0x2e, 0x35, 0x34, 0x33, 0x38, 0x35, 0x35, 0x31, 0x20, 0x31,
0x39, 0x2e, 0x33, 0x30, 0x36, 0x32, 0x39, 0x34, 0x39, 0x2c, 0x34, 0x34, 0x2e,
0x35, 0x38, 0x34, 0x31, 0x36, 0x36, 0x38, 0x20, 0x4c, 0x31, 0x38, 0x2e, 0x39,
0x36, 0x36, 0x30, 0x30, 0x35, 0x33, 0x2c, 0x34, 0x34, 0x2e, 0x30, 0x30, 0x33,
0x33, 0x30, 0x30, 0x38, 0x20, 0x43, 0x31, 0x35, 0x2e, 0x36, 0x30, 0x39, 0x34,
0x34, 0x35, 0x38, 0x2c, 0x33, 0x38, 0x2e, 0x31, 0x37, 0x36, 0x37, 0x35, 0x38,
0x32, 0x20, 0x31, 0x33, 0x2e, 0x34, 0x36, 0x37, 0x37, 0x30, 0x30, 0x32, 0x2c,
0x33, 0x31, 0x2e, 0x38, 0x35, 0x31, 0x32, 0x38, 0x30, 0x39, 0x20, 0x31, 0x32,
0x2e, 0x35, 0x33, 0x35, 0x30, 0x37, 0x35, 0x39, 0x2c, 0x32, 0x34, 0x2e, 0x39,
0x39, 0x37, 0x35, 0x34, 0x35, 0x20, 0x43, 0x31, 0x32, 0x2e, 0x31, 0x37, 0x36,
0x36, 0x34, 0x35, 0x32, 0x2c, 0x32, 0x32, 0x2e, 0x33, 0x36, 0x37, 0x35, 0x38,
0x30, 0x36, 0x20, 0x31, 0x33, 0x2e, 0x37, 0x36, 0x34, 0x36, 0x38, 0x36, 0x31,
0x2c, 0x31, 0x39, 0x2e, 0x38, 0x37, 0x34, 0x39, 0x32, 0x31, 0x20, 0x31, 0x36,
0x2e, 0x32, 0x37, 0x31, 0x37, 0x32, 0x31, 0x38, 0x2c, 0x31, 0x39, 0x2e, 0x30,
0x37, 0x33, 0x36, 0x39, 0x39, 0x35, 0x20, 0x4c, 0x31, 0x36, 0x2e, 0x35, 0x33,
0x31, 0x2c, 0x31, 0x38, 0x2e, 0x39, 0x39, 0x38, 0x20, 0x4c, 0x31, 0x37, 0x2e,
0x33, 0x36, 0x39, 0x35, 0x30, 0x37, 0x37, 0x2c, 0x31, 0x38, 0x2e, 0x37, 0x37,
0x34, 0x31, 0x33, 0x39, 0x20, 0x43, 0x32, 0x32, 0x2e, 0x39, 0x32, 0x38, 0x31,
0x30, 0x30, 0x37, 0x2c, 0x31, 0x37, 0x2e, 0x33, 0x33, 0x34, 0x38, 0x31, 0x38,
0x32, 0x20, 0x32, 0x38, 0x2e, 0x37, 0x36, 0x34, 0x35, 0x39, 0x38, 0x35, 0x2c,
0x31, 0x36, 0x2e, 0x35, 0x37, 0x37, 0x37, 0x39, 0x36, 0x35, 0x20, 0x33, 0x34,
0x2e, 0x38, 0x38, 0x35, 0x35, 0x39, 0x34, 0x31, 0x2c, 0x31, 0x36, 0x2e, 0x35,
0x30, 0x35, 0x36, 0x39, 0x32, 0x36, 0x20, 0x4c, 0x33, 0x35, 0x2e, 0x38, 0x35,
0x34, 0x34, 0x33, 0x32, 0x33, 0x2c, 0x31, 0x36, 0x2e, 0x35, 0x20, 0x5a, 0x22,
0x20, 0x69, 0x64, 0x3d, 0x22, 0x50, 0x61, 0x74, 0x68, 0x22, 0x20, 0x66, 0x69,
0x6c, 0x6c, 0x3d, 0x22, 0x23, 0x46, 0x46, 0x46, 0x46, 0x46, 0x46, 0x22, 0x3e,
0x3c, 0x2f, 0x70, 0x61, 0x74, 0x68, 0x3e, 0x0a, 0x20, 0x20, 0x20, 0x20, 0x3c,
0x2f, 0x67, 0x3e, 0x0a, 0x3c, 0x2f, 0x73, 0x76, 0x67, 0x3e };
IconMask iconMask3(iconMask3Data);

const uchar iconMask13Data[] = {
0x53, 0x56, 0x47, 0x3a, 0x53, 0x49, 0x5a, 0x45, 0x3a, 0x00, 0x00, 0x00, 0x1a,
0x00, 0x00, 0x00, 0x1a, 0x3c, 0x3f, 0x78, 0x6d, 0x6c, 0x20, 0x76, 0x65, 0x72,
0x73, 0x69, 0x6f, 0x6e, 0x3d, 0x22, 0x31, 0x2e, 0x30, 0x22, 0x20, 0x65, 0x6e,
0x63, 0x6f, 0x64, 0x69, 0x6e, 0x67, 0x3d, 0x22, 0x55, 0x54, 0x46, 0x2d, 0x38,
0x22, 0x3f, 0x3e, 0x0a, 0x3c, 0x73, 0x76, 0x67, 0x20, 0x77, 0x69, 0x64, 0x74,
0x68, 0x3d, 0x22, 0x37, 0x32, 0x70, 0x78, 0x22, 0x20, 0x68, 0x65, 0x69, 0x67,
0x68, 0x74, 0x3d, 0x22, 0x37, 0x32, 0x70, 0x78, 0x22, 0x20, 0x76, 0x69, 0x65,
0x77, 0x42, 0x6f, 0x78, 0x3d, 0x22, 0x30, 0x20, 0x30, 0x20, 0x37, 0x32, 0x20,
0x37, 0x32, 0x22, 0x20, 0x76, 0x65, 0x72, 0x73, 0x69, 0x6f, 0x6e, 0x3d, 0x22,
0x31, 0x2e, 0x31, 0x22, 0x20, 0x78, 0x6d, 0x6c, 0x6e, 0x73, 0x3d, 0x22, 0x68,
0x74, 0x74, 0x70, 0x3a, 0x2f, 0x2f, 0x77, 0x77, 0x77, 0x2e, 0x77, 0x33, 0x2e,
0x6f, 0x72, 0x67, 0x2f, 0x32, 0x30, 0x30, 0x30, 0x2f, 0x73, 0x76, 0x67, 0x22,
0x20, 0x78, 0x6d, 0x6c, 0x6e, 0x73, 0x3a, 0x78, 0x6c, 0x69, 0x6e, 0x6b, 0x3d,
0x22, 0x68, 0x74, 0x74, 0x70, 0x3a, 0x2f, 0x2f, 0x77, 0x77, 0x77, 0x2e, 0x77,
0x33, 0x2e, 0x6f, 0x72, 0x67, 0x2f, 0x31, 0x39, 0x39, 0x39, 0x2f, 0x78, 0x6c,
0x69, 0x6e, 0x6b, 0x22, 0x3e, 0x0a, 0x20, 0x20, 0x20, 0x20, 0x3c, 0x74, 0x69,
0x74, 0x6c, 0x65, 0x3e, 0x42, 0x61, 0x64, 0x67, 0x65, 0x20, 0x2f, 0x20, 0x6c,
0x65, 0x76, 0x65, 0x6c, 0x34, 0x30, 0x5f, 0x69, 0x6e, 0x6e, 0x65, 0x72, 0x3c,
0x2f, 0x74, 0x69, 0x74, 0x6c, 0x65, 0x3e, 0x0a, 0x20, 0x20, 0x20, 0x20, 0x3c,
0x67, 0x20, 0x69, 0x64, 0x3d, 0x22, 0x42, 0x61, 0x64, 0x67, 0x65, 0x2d, 0x2f,
0x2d, 0x6c, 0x65, 0x76, 0x65, 0x6c, 0x34, 0x30, 0x5f, 0x69, 0x6e, 0x6e, 0x65,
0x72, 0x22, 0x20, 0x73, 0x74, 0x72, 0x6f, 0x6b, 0x65, 0x3d, 0x22, 0x6e, 0x6f,
0x6e, 0x65, 0x22, 0x20, 0x73, 0x74, 0x72, 0x6f, 0x6b, 0x65, 0x2d, 0x77, 0x69,
0x64, 0x74, 0x68, 0x3d, 0x22, 0x31, 0x22, 0x20, 0x66, 0x69, 0x6c, 0x6c, 0x3d,
0x22, 0x6e, 0x6f, 0x6e, 0x65, 0x22, 0x20, 0x66, 0x69, 0x6c, 0x6c, 0x2d, 0x72,
0x75, 0x6c, 0x65, 0x3d, 0x22, 0x65, 0x76, 0x65, 0x6e, 0x6f, 0x64, 0x64, 0x22,
0x3e, 0x0a, 0x20, 0x20, 0x20, 0x20, 0x20, 0x20, 0x20, 0x20, 0x3c, 0x70, 0x61,
0x74, 0x68, 0x20, 0x64, 0x3d, 0x22, 0x4d, 0x31, 0x33, 0x2e, 0x38, 0x32, 0x30,
0x39, 0x32, 0x34, 0x35, 0x2c, 0x31, 0x37, 0x2e, 0x30, 0x30, 0x33, 0x37, 0x33,
0x36, 0x35, 0x20, 0x4c, 0x32, 0x33, 0x2e, 0x36, 0x34, 0x31, 0x32, 0x30, 0x32,
0x31, 0x2c, 0x31, 0x38, 0x2e, 0x37, 0x35, 0x37, 0x33, 0x35, 0x37, 0x35, 0x20,
0x43, 0x32, 0x34, 0x2e, 0x35, 0x30, 0x33, 0x36, 0x31, 0x35, 0x36, 0x2c, 0x31,
0x38, 0x2e, 0x39, 0x31, 0x31, 0x33, 0x35, 0x39, 0x39, 0x20, 0x32, 0x35, 0x2e,
0x33, 0x39, 0x30, 0x32, 0x35, 0x37, 0x36, 0x2c, 0x31, 0x38, 0x2e, 0x36, 0x38,
0x30, 0x36, 0x39, 0x38, 0x34, 0x20, 0x32, 0x36, 0x2e, 0x30, 0x36, 0x38, 0x32,
0x38, 0x37, 0x34, 0x2c, 0x31, 0x38, 0x2e, 0x31, 0x32, 0x35, 0x39, 0x34, 0x36,
0x37, 0x20, 0x4c, 0x33, 0x34, 0x2e, 0x37, 0x33, 0x33, 0x35, 0x32, 0x34, 0x34,
0x2c, 0x31, 0x31, 0x2e, 0x30, 0x33, 0x36, 0x32, 0x30, 0x37, 0x33, 0x20, 0x43,
0x33, 0x35, 0x2e, 0x34, 0x37, 0x30, 0x32, 0x35, 0x36, 0x32, 0x2c, 0x31, 0x30,
0x2e, 0x34, 0x33, 0x33, 0x34, 0x32, 0x36, 0x38, 0x20, 0x33, 0x36, 0x2e, 0x35,
0x32, 0x39, 0x37, 0x34, 0x33, 0x38, 0x2c, 0x31, 0x30, 0x2e, 0x34, 0x33, 0x33,
0x34, 0x32, 0x36, 0x38, 0x20, 0x33, 0x37, 0x2e, 0x32, 0x36, 0x36, 0x34, 0x37,
0x35, 0x36, 0x2c, 0x31, 0x31, 0x2e, 0x30, 0x33, 0x36, 0x32, 0x30, 0x37, 0x33,
0x20, 0x4c, 0x34, 0x35, 0x2e, 0x39, 0x33, 0x31, 0x37, 0x31, 0x32, 0x36, 0x2c,
0x31, 0x38, 0x2e, 0x31, 0x32, 0x35, 0x39, 0x34, 0x36, 0x37, 0x20, 0x43, 0x34,
0x36, 0x2e, 0x36, 0x30, 0x39, 0x37, 0x34, 0x32, 0x34, 0x2c, 0x31, 0x38, 0x2e,
0x36, 0x38, 0x30, 0x36, 0x39, 0x38, 0x34, 0x20, 0x34, 0x37, 0x2e, 0x34, 0x39,
0x36, 0x33, 0x38, 0x34, 0x34, 0x2c, 0x31, 0x38, 0x2e, 0x39, 0x31, 0x31, 0x33,
0x35, 0x39, 0x39, 0x20, 0x34, 0x38, 0x2e, 0x33, 0x35, 0x38, 0x37, 0x39, 0x37,
0x39, 0x2c, 0x31, 0x38, 0x2e, 0x37, 0x35, 0x37, 0x33, 0x35, 0x37, 0x35, 0x20,
0x4c, 0x35, 0x38, 0x2e, 0x31, 0x37, 0x39, 0x30, 0x37, 0x35, 0x35, 0x2c, 0x31,
0x37, 0x2e, 0x30, 0x30, 0x33, 0x37, 0x33, 0x36, 0x35, 0x20, 0x43, 0x35, 0x39,
0x2e, 0x32, 0x36, 0x36, 0x34, 0x34, 0x34, 0x31, 0x2c, 0x31, 0x36, 0x2e, 0x38,
0x30, 0x39, 0x35, 0x36, 0x33, 0x35, 0x20, 0x36, 0x30, 0x2e, 0x33, 0x30, 0x35,
0x33, 0x33, 0x38, 0x39, 0x2c, 0x31, 0x37, 0x2e, 0x35, 0x33, 0x33, 0x36, 0x34,
0x31, 0x37, 0x20, 0x36, 0x30, 0x2e, 0x34, 0x39, 0x39, 0x35, 0x31, 0x31, 0x39,
0x2c, 0x31, 0x38, 0x2e, 0x36, 0x32, 0x31, 0x30, 0x31, 0x30, 0x34, 0x20, 0x43,
0x36, 0x30, 0x2e, 0x35, 0x34, 0x30, 0x38, 0x38, 0x33, 0x31, 0x2c, 0x31, 0x38,
0x2e, 0x38, 0x35, 0x32, 0x36, 0x38, 0x39, 0x31, 0x20, 0x36, 0x30, 0x2e, 0x35,
0x34, 0x31, 0x30, 0x33, 0x39, 0x2c, 0x31, 0x39, 0x2e, 0x30, 0x38, 0x39, 0x38,
0x35, 0x31, 0x34, 0x20, 0x36, 0x30, 0x2e, 0x34, 0x39, 0x39, 0x39, 0x37, 0x32,
0x34, 0x2c, 0x31, 0x39, 0x2e, 0x33, 0x32, 0x31, 0x35, 0x38, 0x34, 0x33, 0x20,
0x4c, 0x35, 0x35, 0x2e, 0x31, 0x37, 0x30, 0x33, 0x33, 0x34, 0x33, 0x2c, 0x34,
0x39, 0x2e, 0x33, 0x39, 0x35, 0x39, 0x37, 0x30, 0x36, 0x20, 0x43, 0x35, 0x34,
0x2e, 0x34, 0x39, 0x33, 0x33, 0x33, 0x32, 0x35, 0x2c, 0x35, 0x33, 0x2e, 0x32,
0x31, 0x36, 0x31, 0x39, 0x35, 0x31, 0x20, 0x35, 0x31, 0x2e, 0x31, 0x37, 0x32,
0x38, 0x32, 0x2c, 0x35, 0x36, 0x20, 0x34, 0x37, 0x2e, 0x32, 0x39, 0x33, 0x30,
0x37, 0x31, 0x37, 0x2c, 0x35, 0x36, 0x20, 0x4c, 0x32, 0x34, 0x2e, 0x37, 0x30,
0x36, 0x39, 0x32, 0x38, 0x33, 0x2c, 0x35, 0x36, 0x20, 0x43, 0x32, 0x30, 0x2e,
0x38, 0x32, 0x37, 0x31, 0x38, 0x2c, 0x35, 0x36, 0x20, 0x31, 0x37, 0x2e, 0x35,
0x30, 0x36, 0x36, 0x36, 0x37, 0x35, 0x2c, 0x35, 0x33, 0x2e, 0x32, 0x31, 0x36,
0x31, 0x39, 0x35, 0x31, 0x20, 0x31, 0x36, 0x2e, 0x38, 0x32, 0x39, 0x36, 0x36,
0x35, 0x37, 0x2c, 0x34, 0x39, 0x2e, 0x33, 0x39, 0x35, 0x39, 0x37, 0x30, 0x36,
0x20, 0x4c, 0x31, 0x31, 0x2e, 0x35, 0x30, 0x30, 0x30, 0x32, 0x37, 0x36, 0x2c,
0x31, 0x39, 0x2e, 0x33, 0x32, 0x31, 0x35, 0x38, 0x34, 0x33, 0x20, 0x43, 0x31,
0x31, 0x2e, 0x33, 0x30, 0x37, 0x32, 0x38, 0x34, 0x33, 0x2c, 0x31, 0x38, 0x2e,
0x32, 0x33, 0x33, 0x39, 0x36, 0x31, 0x33, 0x20, 0x31, 0x32, 0x2e, 0x30, 0x33,
0x32, 0x37, 0x32, 0x37, 0x36, 0x2c, 0x31, 0x37, 0x2e, 0x31, 0x39, 0x36, 0x30,
0x31, 0x39, 0x33, 0x20, 0x31, 0x33, 0x2e, 0x31, 0x32, 0x30, 0x33, 0x35, 0x30,
0x36, 0x2c, 0x31, 0x37, 0x2e, 0x30, 0x30, 0x33, 0x32, 0x37, 0x36, 0x20, 0x43,
0x31, 0x33, 0x2e, 0x33, 0x35, 0x32, 0x30, 0x38, 0x33, 0x35, 0x2c, 0x31, 0x36,
0x2e, 0x39, 0x36, 0x32, 0x32, 0x30, 0x39, 0x34, 0x20, 0x31, 0x33, 0x2e, 0x35,
0x38, 0x39, 0x32, 0x34, 0x35, 0x38, 0x2c, 0x31, 0x36, 0x2e, 0x39, 0x36, 0x32,
0x33, 0x36, 0x35, 0x33, 0x20, 0x31, 0x33, 0x2e, 0x38, 0x32, 0x30, 0x39, 0x32,
0x34, 0x35, 0x2c, 0x31, 0x37, 0x2e, 0x30, 0x30, 0x33, 0x37, 0x33, 0x36, 0x35,
0x20, 0x5a, 0x22, 0x20, 0x69, 0x64, 0x3d, 0x22, 0x50, 0x61, 0x74, 0x68, 0x22,
0x20, 0x66, 0x69, 0x6c, 0x6c, 0x3d, 0x22, 0x23, 0x46, 0x46, 0x46, 0x46, 0x46,
0x46, 0x22, 0x3e, 0x3c, 0x2f, 0x70, 0x61, 0x74, 0x68, 0x3e, 0x0a, 0x20, 0x20,
0x20, 0x20, 0x3c, 0x2f, 0x67, 0x3e, 0x0a, 0x3c, 0x2f, 0x73, 0x76, 0x67, 0x3e };
IconMask iconMask13(iconMask13Data);

const uchar iconMask4Data[] = {
0x53, 0x56, 0x47, 0x3a, 0x53, 0x49, 0x5a, 0x45, 0x3a, 0x00, 0x00, 0x00, 0x1a,
0x00, 0x00, 0x00, 0x1a, 0x3c, 0x3f, 0x78, 0x6d, 0x6c, 0x20, 0x76, 0x65, 0x72,
0x73, 0x69, 0x6f, 0x6e, 0x3d, 0x22, 0x31, 0x2e, 0x30, 0x22, 0x20, 0x65, 0x6e,
0x63, 0x6f, 0x64, 0x69, 0x6e, 0x67, 0x3d, 0x22, 0x55, 0x54, 0x46, 0x2d, 0x38,
0x22, 0x3f, 0x3e, 0x0a, 0x3c, 0x73, 0x76, 0x67, 0x20, 0x77, 0x69, 0x64, 0x74,
0x68, 0x3d, 0x22, 0x37, 0x32, 0x70, 0x78, 0x22, 0x20, 0x68, 0x65, 0x69, 0x67,
0x68, 0x74, 0x3d, 0x22, 0x37, 0x32, 0x70, 0x78, 0x22, 0x20, 0x76, 0x69, 0x65,
0x77, 0x42, 0x6f, 0x78, 0x3d, 0x22, 0x30, 0x20, 0x30, 0x20, 0x37, 0x32, 0x20,
0x37, 0x32, 0x22, 0x20, 0x76, 0x65, 0x72, 0x73, 0x69, 0x6f, 0x6e, 0x3d, 0x22,
0x31, 0x2e, 0x31, 0x22, 0x20, 0x78, 0x6d, 0x6c, 0x6e, 0x73, 0x3d, 0x22, 0x68,
0x74, 0x74, 0x70, 0x3a, 0x2f, 0x2f, 0x77, 0x77, 0x77, 0x2e, 0x77, 0x33, 0x2e,
0x6f, 0x72, 0x67, 0x2f, 0x32, 0x30, 0x30, 0x30, 0x2f, 0x73, 0x76, 0x67, 0x22,
0x20, 0x78, 0x6d, 0x6c, 0x6e, 0x73, 0x3a, 0x78, 0x6c, 0x69, 0x6e, 0x6b, 0x3d,
0x22, 0x68, 0x74, 0x74, 0x70, 0x3a, 0x2f, 0x2f, 0x77, 0x77, 0x77, 0x2e, 0x77,
0x33, 0x2e, 0x6f, 0x72, 0x67, 0x2f, 0x31, 0x39, 0x39, 0x39, 0x2f, 0x78, 0x6c,
0x69, 0x6e, 0x6b, 0x22, 0x3e, 0x0a, 0x20, 0x20, 0x20, 0x20, 0x3c, 0x74, 0x69,
0x74, 0x6c, 0x65, 0x3e, 0x42, 0x61, 0x64, 0x67, 0x65, 0x20, 0x2f, 0x20, 0x6c,
0x65, 0x76, 0x65, 0x6c, 0x34, 0x5f, 0x69, 0x6e, 0x6e, 0x65, 0x72, 0x3c, 0x2f,
0x74, 0x69, 0x74, 0x6c, 0x65, 0x3e, 0x0a, 0x20, 0x20, 0x20, 0x20, 0x3c, 0x67,
0x20, 0x69, 0x64, 0x3d, 0x22, 0x42, 0x61, 0x64, 0x67, 0x65, 0x2d, 0x2f, 0x2d,
0x6c, 0x65, 0x76, 0x65, 0x6c, 0x34, 0x5f, 0x69, 0x6e, 0x6e, 0x65, 0x72, 0x22,
0x20, 0x73, 0x74, 0x72, 0x6f, 0x6b, 0x65, 0x3d, 0x22, 0x6e, 0x6f, 0x6e, 0x65,
0x22, 0x20, 0x73, 0x74, 0x72, 0x6f, 0x6b, 0x65, 0x2d, 0x77, 0x69, 0x64, 0x74,
0x68, 0x3d, 0x22, 0x31, 0x22, 0x20, 0x66, 0x69, 0x6c, 0x6c, 0x3d, 0x22, 0x6e,
0x6f, 0x6e, 0x65, 0x22, 0x20, 0x66, 0x69, 0x6c, 0x6c, 0x2d, 0x72, 0x75, 0x6c,
0x65, 0x3d, 0x22, 0x65, 0x76, 0x65, 0x6e, 0x6f, 0x64, 0x64, 0x22, 0x3e, 0x0a,
0x20, 0x20, 0x20, 0x20, 0x20, 0x20, 0x20, 0x20, 0x3c, 0x70, 0x61, 0x74, 0x68,
0x20, 0x64, 0x3d, 0x22, 0x4d, 0x34, 0x34, 0x2e, 0x33, 0x37, 0x30, 0x35, 0x38,
0x35, 0x36, 0x2c, 0x31, 0x36, 0x2e, 0x34, 0x36, 0x37, 0x32, 0x31, 0x30, 0x31,
0x20, 0x4c, 0x35, 0x35, 0x2e, 0x35, 0x33, 0x32, 0x37, 0x38, 0x39, 0x39, 0x2c,
0x32, 0x37, 0x2e, 0x36, 0x32, 0x39, 0x34, 0x31, 0x34, 0x34, 0x20, 0x43, 0x36,
0x30, 0x2e, 0x31, 0x35, 0x35, 0x37, 0x33, 0x36, 0x37, 0x2c, 0x33, 0x32, 0x2e,
0x32, 0x35, 0x32, 0x33, 0x36, 0x31, 0x32, 0x20, 0x36, 0x30, 0x2e, 0x31, 0x35,
0x35, 0x37, 0x33, 0x36, 0x37, 0x2c, 0x33, 0x39, 0x2e, 0x37, 0x34, 0x37, 0x36,
0x33, 0x38, 0x38, 0x20, 0x35, 0x35, 0x2e, 0x35, 0x33, 0x32, 0x37, 0x38, 0x39,
0x39, 0x2c, 0x34, 0x34, 0x2e, 0x33, 0x37, 0x30, 0x35, 0x38, 0x35, 0x36, 0x20,
0x4c, 0x34, 0x34, 0x2e, 0x33, 0x37, 0x30, 0x35, 0x38, 0x35, 0x36, 0x2c, 0x35,
0x35, 0x2e, 0x35, 0x33, 0x32, 0x37, 0x38, 0x39, 0x39, 0x20, 0x43, 0x33, 0x39,
0x2e, 0x37, 0x34, 0x37, 0x36, 0x33, 0x38, 0x38, 0x2c, 0x36, 0x30, 0x2e, 0x31,
0x35, 0x35, 0x37, 0x33, 0x36, 0x37, 0x20, 0x33, 0x32, 0x2e, 0x32, 0x35, 0x32,
0x33, 0x36, 0x31, 0x32, 0x2c, 0x36, 0x30, 0x2e, 0x31, 0x35, 0x35, 0x37, 0x33,
0x36, 0x37, 0x20, 0x32, 0x37, 0x2e, 0x36, 0x32, 0x39, 0x34, 0x31, 0x34, 0x34,
0x2c, 0x35, 0x35, 0x2e, 0x35, 0x33, 0x32, 0x37, 0x38, 0x39, 0x39, 0x20, 0x4c,
0x31, 0x36, 0x2e, 0x34, 0x36, 0x37, 0x32, 0x31, 0x30, 0x31, 0x2c, 0x34, 0x34,
0x2e, 0x33, 0x37, 0x30, 0x35, 0x38, 0x35, 0x36, 0x20, 0x43, 0x31, 0x31, 0x2e,
0x38, 0x34, 0x34, 0x32, 0x36, 0x33, 0x33, 0x2c, 0x33, 0x39, 0x2e, 0x37, 0x34,
0x37, 0x36, 0x33, 0x38, 0x38, 0x20, 0x31, 0x31, 0x2e, 0x38, 0x34, 0x34, 0x32,
0x36, 0x33, 0x33, 0x2c, 0x33, 0x32, 0x2e, 0x32, 0x35, 0x32, 0x33, 0x36, 0x31,
0x32, 0x20, 0x31, 0x36, 0x2e, 0x34, 0x36, 0x37, 0x32, 0x31, 0x30, 0x31, 0x2c,
0x32, 0x37, 0x2e, 0x36, 0x32, 0x39, 0x34, 0x31, 0x34, 0x34, 0x20, 0x4c, 0x32,
0x37, 0x2e, 0x36, 0x32, 0x39, 0x34, 0x31, 0x34, 0x34, 0x2c, 0x31, 0x36, 0x2e,
0x34, 0x36, 0x37, 0x32, 0x31, 0x30, 0x31, 0x20, 0x43, 0x33, 0x32, 0x2e, 0x32,
0x35, 0x32, 0x33, 0x36, 0x31, 0x32, 0x2c, 0x31, 0x31, 0x2e, 0x38, 0x34, 0x34,
0x32, 0x36, 0x33, 0x33, 0x20, 0x33, 0x39, 0x2e, 0x37, 0x34, 0x37, 0x36, 0x33,
0x38, 0x38, 0x2c, 0x31, 0x31, 0x2e, 0x38, 0x34, 0x34, 0x32, 0x36, 0x33, 0x33,
0x20, 0x34, 0x34, 0x2e, 0x33, 0x37, 0x30, 0x35, 0x38, 0x35, 0x36, 0x2c, 0x31,
0x36, 0x2e, 0x34, 0x36, 0x37, 0x32, 0x31, 0x30, 0x31, 0x20, 0x5a, 0x22, 0x20,
0x69, 0x64, 0x3d, 0x22, 0x50, 0x6f, 0x6c, 0x79, 0x67, 0x6f, 0x6e, 0x22, 0x20,
0x66, 0x69, 0x6c, 0x6c, 0x3d, 0x22, 0x23, 0x46, 0x46, 0x46, 0x46, 0x46, 0x46,
0x22, 0x3e, 0x3c, 0x2f, 0x70, 0x61, 0x74, 0x68, 0x3e, 0x0a, 0x20, 0x20, 0x20,
0x20, 0x3c, 0x2f, 0x67, 0x3e, 0x0a, 0x3c, 0x2f, 0x73, 0x76, 0x67, 0x3e };
IconMask iconMask4(iconMask4Data);

const uchar iconMask14Data[] = {
0x53, 0x56, 0x47, 0x3a, 0x53, 0x49, 0x5a, 0x45, 0x3a, 0x00, 0x00, 0x00, 0x1a,
0x00, 0x00, 0x00, 0x1a, 0x3c, 0x3f, 0x78, 0x6d, 0x6c, 0x20, 0x76, 0x65, 0x72,
0x73, 0x69, 0x6f, 0x6e, 0x3d, 0x22, 0x31, 0x2e, 0x30, 0x22, 0x20, 0x65, 0x6e,
0x63, 0x6f, 0x64, 0x69, 0x6e, 0x67, 0x3d, 0x22, 0x55, 0x54, 0x46, 0x2d, 0x38,
0x22, 0x3f, 0x3e, 0x0a, 0x3c, 0x73, 0x76, 0x67, 0x20, 0x77, 0x69, 0x64, 0x74,
0x68, 0x3d, 0x22, 0x37, 0x32, 0x70, 0x78, 0x22, 0x20, 0x68, 0x65, 0x69, 0x67,
0x68, 0x74, 0x3d, 0x22, 0x37, 0x32, 0x70, 0x78, 0x22, 0x20, 0x76, 0x69, 0x65,
0x77, 0x42, 0x6f, 0x78, 0x3d, 0x22, 0x30, 0x20, 0x30, 0x20, 0x37, 0x32, 0x20,
0x37, 0x32, 0x22, 0x20, 0x76, 0x65, 0x72, 0x73, 0x69, 0x6f, 0x6e, 0x3d, 0x22,
0x31, 0x2e, 0x31, 0x22, 0x20, 0x78, 0x6d, 0x6c, 0x6e, 0x73, 0x3d, 0x22, 0x68,
0x74, 0x74, 0x70, 0x3a, 0x2f, 0x2f, 0x77, 0x77, 0x77, 0x2e, 0x77, 0x33, 0x2e,
0x6f, 0x72, 0x67, 0x2f, 0x32, 0x30, 0x30, 0x30, 0x2f, 0x73, 0x76, 0x67, 0x22,
0x20, 0x78, 0x6d, 0x6c, 0x6e, 0x73, 0x3a, 0x78, 0x6c, 0x69, 0x6e, 0x6b, 0x3d,
0x22, 0x68, 0x74, 0x74, 0x70, 0x3a, 0x2f, 0x2f, 0x77, 0x77, 0x77, 0x2e, 0x77,
0x33, 0x2e, 0x6f, 0x72, 0x67, 0x2f, 0x31, 0x39, 0x39, 0x39, 0x2f, 0x78, 0x6c,
0x69, 0x6e, 0x6b, 0x22, 0x3e, 0x0a, 0x20, 0x20, 0x20, 0x20, 0x3c, 0x74, 0x69,
0x74, 0x6c, 0x65, 0x3e, 0x42, 0x61, 0x64, 0x67, 0x65, 0x20, 0x2f, 0x20, 0x6c,
0x65, 0x76, 0x65, 0x6c, 0x35, 0x30, 0x5f, 0x69, 0x6e, 0x6e, 0x65, 0x72, 0x3c,
0x2f, 0x74, 0x69, 0x74, 0x6c, 0x65, 0x3e, 0x0a, 0x20, 0x20, 0x20, 0x20, 0x3c,
0x67, 0x20, 0x69, 0x64, 0x3d, 0x22, 0x42, 0x61, 0x64, 0x67, 0x65, 0x2d, 0x2f,
0x2d, 0x6c, 0x65, 0x76, 0x65, 0x6c, 0x35, 0x30, 0x5f, 0x69, 0x6e, 0x6e, 0x65,
0x72, 0x22, 0x20, 0x73, 0x74, 0x72, 0x6f, 0x6b, 0x65, 0x3d, 0x22, 0x6e, 0x6f,
0x6e, 0x65, 0x22, 0x20, 0x73, 0x74, 0x72, 0x6f, 0x6b, 0x65, 0x2d, 0x77, 0x69,
0x64, 0x74, 0x68, 0x3d, 0x22, 0x31, 0x22, 0x20, 0x66, 0x69, 0x6c, 0x6c, 0x3d,
0x22, 0x6e, 0x6f, 0x6e, 0x65, 0x22, 0x20, 0x66, 0x69, 0x6c, 0x6c, 0x2d, 0x72,
0x75, 0x6c, 0x65, 0x3d, 0x22, 0x65, 0x76, 0x65, 0x6e, 0x6f, 0x64, 0x64, 0x22,
0x3e, 0x0a, 0x20, 0x20, 0x20, 0x20, 0x20, 0x20, 0x20, 0x20, 0x3c, 0x70, 0x61,
0x74, 0x68, 0x20, 0x64, 0x3d, 0x22, 0x4d, 0x31, 0x33, 0x2e, 0x38, 0x34, 0x35,
0x37, 0x39, 0x39, 0x32, 0x2c, 0x31, 0x37, 0x2e, 0x30, 0x30, 0x38, 0x31, 0x37,
0x38, 0x34, 0x20, 0x4c, 0x32, 0x33, 0x2e, 0x36, 0x34, 0x31, 0x32, 0x30, 0x32,
0x31, 0x2c, 0x31, 0x38, 0x2e, 0x37, 0x35, 0x37, 0x33, 0x35, 0x37, 0x35, 0x20,
0x43, 0x32, 0x34, 0x2e, 0x35, 0x30, 0x33, 0x36, 0x31, 0x35, 0x36, 0x2c, 0x31,
0x38, 0x2e, 0x39, 0x31, 0x31, 0x33, 0x35, 0x39, 0x39, 0x20, 0x32, 0x35, 0x2e,
0x33, 0x39, 0x30, 0x32, 0x35, 0x37, 0x36, 0x2c, 0x31, 0x38, 0x2e, 0x36, 0x38,
0x30, 0x36, 0x39, 0x38, 0x34, 0x20, 0x32, 0x36, 0x2e, 0x30, 0x36, 0x38, 0x32,
0x38, 0x37, 0x34, 0x2c, 0x31, 0x38, 0x2e, 0x31, 0x32, 0x35, 0x39, 0x34, 0x36,
0x37, 0x20, 0x4c, 0x33, 0x34, 0x2e, 0x37, 0x33, 0x33, 0x35, 0x32, 0x34, 0x34,
0x2c, 0x31, 0x31, 0x2e, 0x30, 0x33, 0x36, 0x32, 0x30, 0x37, 0x33, 0x20, 0x43,
0x33, 0x35, 0x2e, 0x34, 0x37, 0x30, 0x32, 0x35, 0x36, 0x32, 0x2c, 0x31, 0x30,
0x2e, 0x34, 0x33, 0x33, 0x34, 0x32, 0x36, 0x38, 0x20, 0x33, 0x36, 0x2e, 0x35,
0x32, 0x39, 0x37, 0x34, 0x33, 0x38, 0x2c, 0x31, 0x30, 0x2e, 0x34, 0x33, 0x33,
0x34, 0x32, 0x36, 0x38, 0x20, 0x33, 0x37, 0x2e, 0x32, 0x36, 0x36, 0x34, 0x37,
0x35, 0x36, 0x2c, 0x31, 0x31, 0x2e, 0x30, 0x33, 0x36, 0x32, 0x30, 0x37, 0x33,
0x20, 0x4c, 0x34, 0x35, 0x2e, 0x39, 0x33, 0x31, 0x37, 0x31, 0x32, 0x36, 0x2c,
0x31, 0x38, 0x2e, 0x31, 0x32, 0x35, 0x39, 0x34, 0x36, 0x37, 0x20, 0x43, 0x34,
0x36, 0x2e, 0x36, 0x30, 0x39, 0x37, 0x34, 0x32, 0x34, 0x2c, 0x31, 0x38, 0x2e,
0x36, 0x38, 0x30, 0x36, 0x39, 0x38, 0x34, 0x20, 0x34, 0x37, 0x2e, 0x34, 0x39,
0x36, 0x33, 0x38, 0x34, 0x34, 0x2c, 0x31, 0x38, 0x2e, 0x39, 0x31, 0x31, 0x33,
0x35, 0x39, 0x39, 0x20, 0x34, 0x38, 0x2e, 0x33, 0x35, 0x38, 0x37, 0x39, 0x37,
0x39, 0x2c, 0x31, 0x38, 0x2e, 0x37, 0x35, 0x37, 0x33, 0x35, 0x37, 0x35, 0x20,
0x4c, 0x35, 0x38, 0x2e, 0x31, 0x35, 0x34, 0x32, 0x30, 0x30, 0x38, 0x2c, 0x31,
0x37, 0x2e, 0x30, 0x30, 0x38, 0x31, 0x37, 0x38, 0x34, 0x20, 0x43, 0x35, 0x39,
0x2e, 0x32, 0x34, 0x31, 0x35, 0x36, 0x39, 0x34, 0x2c, 0x31, 0x36, 0x2e, 0x38,
0x31, 0x34, 0x30, 0x30, 0x35, 0x35, 0x20, 0x36, 0x30, 0x2e, 0x32, 0x38, 0x30,
0x34, 0x36, 0x34, 0x32, 0x2c, 0x31, 0x37, 0x2e, 0x35, 0x33, 0x38, 0x30, 0x38,
0x33, 0x36, 0x20, 0x36, 0x30, 0x2e, 0x34, 0x37, 0x34, 0x36, 0x33, 0x37, 0x32,
0x2c, 0x31, 0x38, 0x2e, 0x36, 0x32, 0x35, 0x34, 0x35, 0x32, 0x33, 0x20, 0x43,
0x36, 0x30, 0x2e, 0x35, 0x31, 0x36, 0x39, 0x38, 0x30, 0x34, 0x2c, 0x31, 0x38,
0x2e, 0x38, 0x36, 0x32, 0x35, 0x37, 0x34, 0x20, 0x36, 0x30, 0x2e, 0x35, 0x31,
0x36, 0x31, 0x34, 0x31, 0x2c, 0x31, 0x39, 0x2e, 0x31, 0x30, 0x35, 0x33, 0x39,
0x34, 0x37, 0x20, 0x36, 0x30, 0x2e, 0x34, 0x37, 0x32, 0x31, 0x35, 0x39, 0x35,
0x2c, 0x31, 0x39, 0x2e, 0x33, 0x34, 0x32, 0x32, 0x31, 0x38, 0x20, 0x4c, 0x35,
0x35, 0x2e, 0x32, 0x35, 0x37, 0x32, 0x31, 0x32, 0x35, 0x2c, 0x34, 0x37, 0x2e,
0x34, 0x32, 0x32, 0x37, 0x30, 0x32, 0x31, 0x20, 0x43, 0x35, 0x34, 0x2e, 0x37,
0x38, 0x32, 0x34, 0x30, 0x35, 0x34, 0x2c, 0x34, 0x39, 0x2e, 0x39, 0x37, 0x39,
0x33, 0x35, 0x35, 0x36, 0x20, 0x35, 0x33, 0x2e, 0x30, 0x39, 0x34, 0x35, 0x39,
0x39, 0x31, 0x2c, 0x35, 0x32, 0x2e, 0x31, 0x34, 0x35, 0x37, 0x32, 0x34, 0x37,
0x20, 0x35, 0x30, 0x2e, 0x37, 0x33, 0x31, 0x37, 0x30, 0x34, 0x2c, 0x35, 0x33,
0x2e, 0x32, 0x33, 0x31, 0x33, 0x37, 0x39, 0x33, 0x20, 0x4c, 0x33, 0x37, 0x2e,
0x36, 0x37, 0x30, 0x30, 0x30, 0x30, 0x37, 0x2c, 0x35, 0x39, 0x2e, 0x32, 0x33,
0x32, 0x37, 0x30, 0x32, 0x34, 0x20, 0x43, 0x33, 0x36, 0x2e, 0x36, 0x30, 0x39,
0x39, 0x33, 0x35, 0x38, 0x2c, 0x35, 0x39, 0x2e, 0x37, 0x31, 0x39, 0x37, 0x35,
0x39, 0x32, 0x20, 0x33, 0x35, 0x2e, 0x33, 0x39, 0x30, 0x30, 0x36, 0x34, 0x32,
0x2c, 0x35, 0x39, 0x2e, 0x37, 0x31, 0x39, 0x37, 0x35, 0x39, 0x32, 0x20, 0x33,
0x34, 0x2e, 0x33, 0x32, 0x39, 0x39, 0x39, 0x39, 0x33, 0x2c, 0x35, 0x39, 0x2e,
0x32, 0x33, 0x32, 0x37, 0x30, 0x32, 0x34, 0x20, 0x4c, 0x32, 0x31, 0x2e, 0x32,
0x36, 0x38, 0x32, 0x39, 0x36, 0x2c, 0x35, 0x33, 0x2e, 0x32, 0x33, 0x31, 0x33,
0x37, 0x39, 0x33, 0x20, 0x43, 0x31, 0x38, 0x2e, 0x39, 0x30, 0x35, 0x34, 0x30,
0x30, 0x39, 0x2c, 0x35, 0x32, 0x2e, 0x31, 0x34, 0x35, 0x37, 0x32, 0x34, 0x37,
0x20, 0x31, 0x37, 0x2e, 0x32, 0x31, 0x37, 0x35, 0x39, 0x34, 0x36, 0x2c, 0x34,
0x39, 0x2e, 0x39, 0x37, 0x39, 0x33, 0x35, 0x35, 0x36, 0x20, 0x31, 0x36, 0x2e,
0x37, 0x34, 0x32, 0x37, 0x38, 0x37, 0x35, 0x2c, 0x34, 0x37, 0x2e, 0x34, 0x32,
0x32, 0x37, 0x30, 0x32, 0x31, 0x20, 0x4c, 0x31, 0x31, 0x2e, 0x35, 0x32, 0x37,
0x38, 0x34, 0x30, 0x35, 0x2c, 0x31, 0x39, 0x2e, 0x33, 0x34, 0x32, 0x32, 0x31,
0x38, 0x20, 0x43, 0x31, 0x31, 0x2e, 0x33, 0x32, 0x36, 0x31, 0x35, 0x34, 0x37,
0x2c, 0x31, 0x38, 0x2e, 0x32, 0x35, 0x36, 0x32, 0x31, 0x37, 0x37, 0x20, 0x31,
0x32, 0x2e, 0x30, 0x34, 0x33, 0x30, 0x33, 0x33, 0x33, 0x2c, 0x31, 0x37, 0x2e,
0x32, 0x31, 0x32, 0x33, 0x34, 0x31, 0x39, 0x20, 0x31, 0x33, 0x2e, 0x31, 0x32,
0x39, 0x30, 0x33, 0x33, 0x36, 0x2c, 0x31, 0x37, 0x2e, 0x30, 0x31, 0x30, 0x36,
0x35, 0x36, 0x31, 0x20, 0x43, 0x31, 0x33, 0x2e, 0x33, 0x36, 0x35, 0x38, 0x35,
0x36, 0x39, 0x2c, 0x31, 0x36, 0x2e, 0x39, 0x36, 0x36, 0x36, 0x37, 0x34, 0x36,
0x20, 0x31, 0x33, 0x2e, 0x36, 0x30, 0x38, 0x36, 0x37, 0x37, 0x35, 0x2c, 0x31,
0x36, 0x2e, 0x39, 0x36, 0x35, 0x38, 0x33, 0x35, 0x33, 0x20, 0x31, 0x33, 0x2e,
0x38, 0x34, 0x35, 0x37, 0x39, 0x39, 0x32, 0x2c, 0x31, 0x37, 0x2e, 0x30, 0x30,
0x38, 0x31, 0x37, 0x38, 0x34, 0x20, 0x5a, 0x22, 0x20, 0x69, 0x64, 0x3d, 0x22,
0x50, 0x61, 0x74, 0x68, 0x22, 0x20, 0x66, 0x69, 0x6c, 0x6c, 0x3d, 0x22, 0x23,
0x46, 0x46, 0x46, 0x46, 0x46, 0x46, 0x22, 0x3e, 0x3c, 0x2f, 0x70, 0x61, 0x74,
0x68, 0x3e, 0x0a, 0x20, 0x20, 0x20, 0x20, 0x3c, 0x2f, 0x67, 0x3e, 0x0a, 0x3c,
0x2f, 0x73, 0x76, 0x67, 0x3e };
IconMask iconMask14(iconMask14Data);

const uchar iconMask5Data[] = {
0x53, 0x56, 0x47, 0x3a, 0x53, 0x49, 0x5a, 0x45, 0x3a, 0x00, 0x00, 0x00, 0x1a,
0x00, 0x00, 0x00, 0x1a, 0x3c, 0x3f, 0x78, 0x6d, 0x6c, 0x20, 0x76, 0x65, 0x72,
0x73, 0x69, 0x6f, 0x6e, 0x3d, 0x22, 0x31, 0x2e, 0x30, 0x22, 0x20, 0x65, 0x6e,
0x63, 0x6f, 0x64, 0x69, 0x6e, 0x67, 0x3d, 0x22, 0x55, 0x54, 0x46, 0x2d, 0x38,
0x22, 0x3f, 0x3e, 0x0a, 0x3c, 0x73, 0x76, 0x67, 0x20, 0x77, 0x69, 0x64, 0x74,
0x68, 0x3d, 0x22, 0x37, 0x32, 0x70, 0x78, 0x22, 0x20, 0x68, 0x65, 0x69, 0x67,
0x68, 0x74, 0x3d, 0x22, 0x37, 0x32, 0x70, 0x78, 0x22, 0x20, 0x76, 0x69, 0x65,
0x77, 0x42, 0x6f, 0x78, 0x3d, 0x22, 0x30, 0x20, 0x30, 0x20, 0x37, 0x32, 0x20,
0x37, 0x32, 0x22, 0x20, 0x76, 0x65, 0x72, 0x73, 0x69, 0x6f, 0x6e, 0x3d, 0x22,
0x31, 0x2e, 0x31, 0x22, 0x20, 0x78, 0x6d, 0x6c, 0x6e, 0x73, 0x3d, 0x22, 0x68,
0x74, 0x74, 0x70, 0x3a, 0x2f, 0x2f, 0x77, 0x77, 0x77, 0x2e, 0x77, 0x33, 0x2e,
0x6f, 0x72, 0x67, 0x2f, 0x32, 0x30, 0x30, 0x30, 0x2f, 0x73, 0x76, 0x67, 0x22,
0x20, 0x78, 0x6d, 0x6c, 0x6e, 0x73, 0x3a, 0x78, 0x6c, 0x69, 0x6e, 0x6b, 0x3d,
0x22, 0x68, 0x74, 0x74, 0x70, 0x3a, 0x2f, 0x2f, 0x77, 0x77, 0x77, 0x2e, 0x77,
0x33, 0x2e, 0x6f, 0x72, 0x67, 0x2f, 0x31, 0x39, 0x39, 0x39, 0x2f, 0x78, 0x6c,
0x69, 0x6e, 0x6b, 0x22, 0x3e, 0x0a, 0x20, 0x20, 0x20, 0x20, 0x3c, 0x74, 0x69,
0x74, 0x6c, 0x65, 0x3e, 0x42, 0x61, 0x64, 0x67, 0x65, 0x20, 0x2f, 0x20, 0x6c,
0x65, 0x76, 0x65, 0x6c, 0x35, 0x5f, 0x69, 0x6e, 0x6e, 0x65, 0x72, 0x3c, 0x2f,
0x74, 0x69, 0x74, 0x6c, 0x65, 0x3e, 0x0a, 0x20, 0x20, 0x20, 0x20, 0x3c, 0x67,
0x20, 0x69, 0x64, 0x3d, 0x22, 0x42, 0x61, 0x64, 0x67, 0x65, 0x2d, 0x2f, 0x2d,
0x6c, 0x65, 0x76, 0x65, 0x6c, 0x35, 0x5f, 0x69, 0x6e, 0x6e, 0x65, 0x72, 0x22,
0x20, 0x73, 0x74, 0x72, 0x6f, 0x6b, 0x65, 0x3d, 0x22, 0x6e, 0x6f, 0x6e, 0x65,
0x22, 0x20, 0x73, 0x74, 0x72, 0x6f, 0x6b, 0x65, 0x2d, 0x77, 0x69, 0x64, 0x74,
0x68, 0x3d, 0x22, 0x31, 0x22, 0x20, 0x66, 0x69, 0x6c, 0x6c, 0x3d, 0x22, 0x6e,
0x6f, 0x6e, 0x65, 0x22, 0x20, 0x66, 0x69, 0x6c, 0x6c, 0x2d, 0x72, 0x75, 0x6c,
0x65, 0x3d, 0x22, 0x65, 0x76, 0x65, 0x6e, 0x6f, 0x64, 0x64, 0x22, 0x3e, 0x0a,
0x20, 0x20, 0x20, 0x20, 0x20, 0x20, 0x20, 0x20, 0x3c, 0x70, 0x61, 0x74, 0x68,
0x20, 0x64, 0x3d, 0x22, 0x4d, 0x32, 0x34, 0x2e, 0x36, 0x33, 0x34, 0x37, 0x31,
0x35, 0x39, 0x2c, 0x35, 0x32, 0x2e, 0x31, 0x39, 0x37, 0x32, 0x33, 0x33, 0x20,
0x4c, 0x31, 0x35, 0x2e, 0x30, 0x38, 0x36, 0x38, 0x39, 0x34, 0x2c, 0x34, 0x35,
0x2e, 0x33, 0x33, 0x30, 0x36, 0x31, 0x30, 0x34, 0x20, 0x43, 0x31, 0x33, 0x2e,
0x33, 0x36, 0x32, 0x36, 0x33, 0x30, 0x31, 0x2c, 0x34, 0x34, 0x2e, 0x30, 0x39,
0x30, 0x35, 0x35, 0x30, 0x37, 0x20, 0x31, 0x32, 0x2e, 0x36, 0x30, 0x37, 0x30,
0x36, 0x38, 0x38, 0x2c, 0x34, 0x31, 0x2e, 0x39, 0x30, 0x34, 0x34, 0x30, 0x32,
0x34, 0x20, 0x31, 0x33, 0x2e, 0x31, 0x39, 0x39, 0x35, 0x30, 0x30, 0x32, 0x2c,
0x33, 0x39, 0x2e, 0x38, 0x36, 0x39, 0x36, 0x30, 0x37, 0x34, 0x20, 0x4c, 0x31,
0x36, 0x2e, 0x34, 0x38, 0x38, 0x35, 0x35, 0x30, 0x33, 0x2c, 0x32, 0x38, 0x2e,
0x35, 0x37, 0x38, 0x35, 0x32, 0x30, 0x36, 0x20, 0x4c, 0x32, 0x30, 0x2e, 0x30,
0x35, 0x36, 0x31, 0x38, 0x34, 0x2c, 0x31, 0x38, 0x2e, 0x32, 0x37, 0x38, 0x39,
0x37, 0x33, 0x34, 0x20, 0x43, 0x32, 0x30, 0x2e, 0x37, 0x33, 0x36, 0x30, 0x32,
0x38, 0x2c, 0x31, 0x36, 0x2e, 0x33, 0x31, 0x37, 0x32, 0x32, 0x33, 0x34, 0x20,
0x32, 0x32, 0x2e, 0x35, 0x35, 0x38, 0x39, 0x34, 0x39, 0x34, 0x2c, 0x31, 0x34,
0x2e, 0x39, 0x37, 0x35, 0x36, 0x39, 0x38, 0x33, 0x20, 0x32, 0x34, 0x2e, 0x36,
0x34, 0x30, 0x38, 0x37, 0x32, 0x34, 0x2c, 0x31, 0x34, 0x2e, 0x39, 0x30, 0x35,
0x30, 0x30, 0x37, 0x36, 0x20, 0x4c, 0x33, 0x35, 0x2e, 0x35, 0x31, 0x39, 0x39,
0x34, 0x39, 0x2c, 0x31, 0x34, 0x2e, 0x35, 0x33, 0x36, 0x32, 0x30, 0x38, 0x20,
0x4c, 0x34, 0x36, 0x2e, 0x34, 0x30, 0x34, 0x31, 0x33, 0x36, 0x39, 0x2c, 0x31,
0x34, 0x2e, 0x35, 0x20, 0x43, 0x34, 0x38, 0x2e, 0x34, 0x38, 0x37, 0x35, 0x34,
0x37, 0x37, 0x2c, 0x31, 0x34, 0x2e, 0x34, 0x39, 0x33, 0x32, 0x31, 0x35, 0x33,
0x20, 0x35, 0x30, 0x2e, 0x33, 0x35, 0x39, 0x36, 0x37, 0x37, 0x34, 0x2c, 0x31,
0x35, 0x2e, 0x37, 0x36, 0x36, 0x33, 0x33, 0x38, 0x36, 0x20, 0x35, 0x31, 0x2e,
0x31, 0x31, 0x32, 0x33, 0x37, 0x33, 0x31, 0x2c, 0x31, 0x37, 0x2e, 0x37, 0x30,
0x31, 0x38, 0x31, 0x36, 0x37, 0x20, 0x4c, 0x35, 0x35, 0x2e, 0x30, 0x31, 0x39,
0x39, 0x32, 0x34, 0x35, 0x2c, 0x32, 0x37, 0x2e, 0x37, 0x34, 0x39, 0x36, 0x37,
0x36, 0x33, 0x20, 0x43, 0x35, 0x35, 0x2e, 0x30, 0x35, 0x31, 0x36, 0x38, 0x34,
0x37, 0x2c, 0x32, 0x37, 0x2e, 0x38, 0x33, 0x31, 0x33, 0x34, 0x34, 0x32, 0x20,
0x35, 0x35, 0x2e, 0x30, 0x38, 0x31, 0x32, 0x39, 0x31, 0x2c, 0x32, 0x37, 0x2e,
0x39, 0x31, 0x33, 0x38, 0x32, 0x37, 0x33, 0x20, 0x35, 0x35, 0x2e, 0x31, 0x30,
0x38, 0x37, 0x31, 0x33, 0x32, 0x2c, 0x32, 0x37, 0x2e, 0x39, 0x39, 0x37, 0x30,
0x34, 0x30, 0x37, 0x20, 0x4c, 0x35, 0x38, 0x2e, 0x37, 0x34, 0x38, 0x36, 0x35,
0x34, 0x36, 0x2c, 0x33, 0x39, 0x2e, 0x30, 0x34, 0x32, 0x35, 0x37, 0x37, 0x31,
0x20, 0x43, 0x35, 0x39, 0x2e, 0x34, 0x31, 0x32, 0x30, 0x30, 0x33, 0x36, 0x2c,
0x34, 0x31, 0x2e, 0x30, 0x35, 0x35, 0x35, 0x33, 0x33, 0x39, 0x20, 0x35, 0x38,
0x2e, 0x37, 0x33, 0x33, 0x34, 0x38, 0x32, 0x38, 0x2c, 0x34, 0x33, 0x2e, 0x32,
0x36, 0x36, 0x36, 0x32, 0x31, 0x31, 0x20, 0x35, 0x37, 0x2e, 0x30, 0x35, 0x33,
0x37, 0x30, 0x38, 0x34, 0x2c, 0x34, 0x34, 0x2e, 0x35, 0x36, 0x35, 0x38, 0x37,
0x37, 0x35, 0x20, 0x4c, 0x34, 0x37, 0x2e, 0x37, 0x30, 0x38, 0x36, 0x35, 0x38,
0x38, 0x2c, 0x35, 0x31, 0x2e, 0x37, 0x39, 0x34, 0x34, 0x35, 0x35, 0x33, 0x20,
0x4c, 0x33, 0x39, 0x2e, 0x33, 0x36, 0x34, 0x33, 0x30, 0x38, 0x32, 0x2c, 0x35,
0x38, 0x2e, 0x34, 0x30, 0x39, 0x36, 0x36, 0x38, 0x38, 0x20, 0x43, 0x33, 0x37,
0x2e, 0x35, 0x38, 0x34, 0x35, 0x38, 0x35, 0x31, 0x2c, 0x35, 0x39, 0x2e, 0x38,
0x32, 0x30, 0x35, 0x39, 0x33, 0x32, 0x20, 0x33, 0x35, 0x2e, 0x30, 0x37, 0x36,
0x31, 0x31, 0x37, 0x38, 0x2c, 0x35, 0x39, 0x2e, 0x38, 0x36, 0x36, 0x36, 0x30,
0x38, 0x20, 0x33, 0x33, 0x2e, 0x32, 0x34, 0x35, 0x34, 0x36, 0x38, 0x2c, 0x35,
0x38, 0x2e, 0x35, 0x32, 0x31, 0x39, 0x31, 0x31, 0x35, 0x20, 0x4c, 0x32, 0x34,
0x2e, 0x36, 0x33, 0x34, 0x37, 0x31, 0x35, 0x39, 0x2c, 0x35, 0x32, 0x2e, 0x31,
0x39, 0x37, 0x32, 0x33, 0x33, 0x20, 0x5a, 0x22, 0x20, 0x69, 0x64, 0x3d, 0x22,
0x53, 0x74, 0x61, 0x72, 0x2d, 0x46, 0x6c, 0x61, 0x74, 0x22, 0x20, 0x66, 0x69,
0x6c, 0x6c, 0x3d, 0x22, 0x23, 0x46, 0x46, 0x46, 0x46, 0x46, 0x46, 0x22, 0x3e,
0x3c, 0x2f, 0x70, 0x61, 0x74, 0x68, 0x3e, 0x0a, 0x20, 0x20, 0x20, 0x20, 0x3c,
0x2f, 0x67, 0x3e, 0x0a, 0x3c, 0x2f, 0x73, 0x76, 0x67, 0x3e };
IconMask iconMask5(iconMask5Data);

const uchar iconMask15Data[] = {
0x53, 0x56, 0x47, 0x3a, 0x53, 0x49, 0x5a, 0x45, 0x3a, 0x00, 0x00, 0x00, 0x1a,
0x00, 0x00, 0x00, 0x1a, 0x3c, 0x3f, 0x78, 0x6d, 0x6c, 0x20, 0x76, 0x65, 0x72,
0x73, 0x69, 0x6f, 0x6e, 0x3d, 0x22, 0x31, 0x2e, 0x30, 0x22, 0x20, 0x65, 0x6e,
0x63, 0x6f, 0x64, 0x69, 0x6e, 0x67, 0x3d, 0x22, 0x55, 0x54, 0x46, 0x2d, 0x38,
0x22, 0x3f, 0x3e, 0x0a, 0x3c, 0x73, 0x76, 0x67, 0x20, 0x77, 0x69, 0x64, 0x74,
0x68, 0x3d, 0x22, 0x37, 0x32, 0x70, 0x78, 0x22, 0x20, 0x68, 0x65, 0x69, 0x67,
0x68, 0x74, 0x3d, 0x22, 0x37, 0x32, 0x70, 0x78, 0x22, 0x20, 0x76, 0x69, 0x65,
0x77, 0x42, 0x6f, 0x78, 0x3d, 0x22, 0x30, 0x20, 0x30, 0x20, 0x37, 0x32, 0x20,
0x37, 0x32, 0x22, 0x20, 0x76, 0x65, 0x72, 0x73, 0x69, 0x6f, 0x6e, 0x3d, 0x22,
0x31, 0x2e, 0x31, 0x22, 0x20, 0x78, 0x6d, 0x6c, 0x6e, 0x73, 0x3d, 0x22, 0x68,
0x74, 0x74, 0x70, 0x3a, 0x2f, 0x2f, 0x77, 0x77, 0x77, 0x2e, 0x77, 0x33, 0x2e,
0x6f, 0x72, 0x67, 0x2f, 0x32, 0x30, 0x30, 0x30, 0x2f, 0x73, 0x76, 0x67, 0x22,
0x20, 0x78, 0x6d, 0x6c, 0x6e, 0x73, 0x3a, 0x78, 0x6c, 0x69, 0x6e, 0x6b, 0x3d,
0x22, 0x68, 0x74, 0x74, 0x70, 0x3a, 0x2f, 0x2f, 0x77, 0x77, 0x77, 0x2e, 0x77,
0x33, 0x2e, 0x6f, 0x72, 0x67, 0x2f, 0x31, 0x39, 0x39, 0x39, 0x2f, 0x78, 0x6c,
0x69, 0x6e, 0x6b, 0x22, 0x3e, 0x0a, 0x20, 0x20, 0x20, 0x20, 0x3c, 0x74, 0x69,
0x74, 0x6c, 0x65, 0x3e, 0x42, 0x61, 0x64, 0x67, 0x65, 0x20, 0x2f, 0x20, 0x6c,
0x65, 0x76, 0x65, 0x6c, 0x36, 0x30, 0x5f, 0x69, 0x6e, 0x6e, 0x65, 0x72, 0x3c,
0x2f, 0x74, 0x69, 0x74, 0x6c, 0x65, 0x3e, 0x0a, 0x20, 0x20, 0x20, 0x20, 0x3c,
0x67, 0x20, 0x69, 0x64, 0x3d, 0x22, 0x42, 0x61, 0x64, 0x67, 0x65, 0x2d, 0x2f,
0x2d, 0x6c, 0x65, 0x76, 0x65, 0x6c, 0x36, 0x30, 0x5f, 0x69, 0x6e, 0x6e, 0x65,
0x72, 0x22, 0x20, 0x73, 0x74, 0x72, 0x6f, 0x6b, 0x65, 0x3d, 0x22, 0x6e, 0x6f,
0x6e, 0x65, 0x22, 0x20, 0x73, 0x74, 0x72, 0x6f, 0x6b, 0x65, 0x2d, 0x77, 0x69,
0x64, 0x74, 0x68, 0x3d, 0x22, 0x31, 0x22, 0x20, 0x66, 0x69, 0x6c, 0x6c, 0x3d,
0x22, 0x6e, 0x6f, 0x6e, 0x65, 0x22, 0x20, 0x66, 0x69, 0x6c, 0x6c, 0x2d, 0x72,
0x75, 0x6c, 0x65, 0x3d, 0x22, 0x65, 0x76, 0x65, 0x6e, 0x6f, 0x64, 0x64, 0x22,
0x3e, 0x0a, 0x20, 0x20, 0x20, 0x20, 0x20, 0x20, 0x20, 0x20, 0x3c, 0x70, 0x61,
0x74, 0x68, 0x20, 0x64, 0x3d, 0x22, 0x4d, 0x32, 0x35, 0x2e, 0x31, 0x36, 0x33,
0x30, 0x32, 0x37, 0x37, 0x2c, 0x35, 0x32, 0x2e, 0x38, 0x35, 0x30, 0x34, 0x30,
0x37, 0x20, 0x4c, 0x31, 0x37, 0x2e, 0x38, 0x32, 0x37, 0x33, 0x34, 0x38, 0x36,
0x2c, 0x35, 0x30, 0x2e, 0x38, 0x39, 0x30, 0x30, 0x33, 0x35, 0x33, 0x20, 0x43,
0x31, 0x35, 0x2e, 0x30, 0x37, 0x34, 0x37, 0x2c, 0x35, 0x30, 0x2e, 0x31, 0x35,
0x34, 0x34, 0x32, 0x33, 0x32, 0x20, 0x31, 0x33, 0x2e, 0x34, 0x34, 0x31, 0x32,
0x32, 0x39, 0x31, 0x2c, 0x34, 0x37, 0x2e, 0x33, 0x34, 0x35, 0x33, 0x34, 0x31,
0x38, 0x20, 0x31, 0x34, 0x2e, 0x31, 0x37, 0x35, 0x39, 0x31, 0x39, 0x36, 0x2c,
0x34, 0x34, 0x2e, 0x36, 0x31, 0x30, 0x36, 0x36, 0x39, 0x37, 0x20, 0x4c, 0x31,
0x36, 0x2e, 0x31, 0x33, 0x33, 0x38, 0x33, 0x35, 0x33, 0x2c, 0x33, 0x37, 0x2e,
0x33, 0x32, 0x32, 0x38, 0x39, 0x37, 0x20, 0x43, 0x31, 0x36, 0x2e, 0x33, 0x36,
0x36, 0x37, 0x30, 0x31, 0x38, 0x2c, 0x33, 0x36, 0x2e, 0x34, 0x35, 0x36, 0x31,
0x31, 0x38, 0x38, 0x20, 0x31, 0x36, 0x2e, 0x33, 0x36, 0x36, 0x37, 0x30, 0x31,
0x38, 0x2c, 0x33, 0x35, 0x2e, 0x35, 0x34, 0x33, 0x38, 0x38, 0x31, 0x32, 0x20,
0x31, 0x36, 0x2e, 0x31, 0x33, 0x33, 0x38, 0x33, 0x35, 0x33, 0x2c, 0x33, 0x34,
0x2e, 0x36, 0x37, 0x37, 0x31, 0x30, 0x33, 0x20, 0x4c, 0x31, 0x34, 0x2e, 0x31,
0x37, 0x35, 0x39, 0x31, 0x39, 0x36, 0x2c, 0x32, 0x37, 0x2e, 0x33, 0x38, 0x39,
0x33, 0x33, 0x30, 0x33, 0x20, 0x43, 0x31, 0x33, 0x2e, 0x34, 0x34, 0x31, 0x32,
0x32, 0x39, 0x31, 0x2c, 0x32, 0x34, 0x2e, 0x36, 0x35, 0x34, 0x36, 0x35, 0x38,
0x32, 0x20, 0x31, 0x35, 0x2e, 0x30, 0x37, 0x34, 0x37, 0x2c, 0x32, 0x31, 0x2e,
0x38, 0x34, 0x35, 0x35, 0x37, 0x36, 0x38, 0x20, 0x31, 0x37, 0x2e, 0x38, 0x32,
0x37, 0x33, 0x34, 0x38, 0x36, 0x2c, 0x32, 0x31, 0x2e, 0x31, 0x30, 0x39, 0x39,
0x36, 0x34, 0x37, 0x20, 0x4c, 0x32, 0x35, 0x2e, 0x31, 0x36, 0x33, 0x30, 0x32,
0x37, 0x37, 0x2c, 0x31, 0x39, 0x2e, 0x31, 0x34, 0x39, 0x35, 0x39, 0x33, 0x20,
0x43, 0x32, 0x36, 0x2e, 0x30, 0x33, 0x35, 0x35, 0x30, 0x33, 0x37, 0x2c, 0x31,
0x38, 0x2e, 0x39, 0x31, 0x36, 0x34, 0x33, 0x34, 0x33, 0x20, 0x32, 0x36, 0x2e,
0x38, 0x33, 0x31, 0x31, 0x39, 0x38, 0x32, 0x2c, 0x31, 0x38, 0x2e, 0x34, 0x36,
0x30, 0x33, 0x31, 0x35, 0x35, 0x20, 0x32, 0x37, 0x2e, 0x34, 0x37, 0x30, 0x38,
0x30, 0x37, 0x36, 0x2c, 0x31, 0x37, 0x2e, 0x38, 0x32, 0x36, 0x36, 0x39, 0x36,
0x20, 0x4c, 0x33, 0x32, 0x2e, 0x38, 0x34, 0x38, 0x35, 0x37, 0x31, 0x2c, 0x31,
0x32, 0x2e, 0x34, 0x39, 0x39, 0x32, 0x39, 0x35, 0x20, 0x43, 0x33, 0x34, 0x2e,
0x38, 0x36, 0x36, 0x35, 0x32, 0x39, 0x31, 0x2c, 0x31, 0x30, 0x2e, 0x35, 0x30,
0x30, 0x32, 0x33, 0x35, 0x20, 0x33, 0x38, 0x2e, 0x31, 0x33, 0x33, 0x34, 0x37,
0x30, 0x39, 0x2c, 0x31, 0x30, 0x2e, 0x35, 0x30, 0x30, 0x32, 0x33, 0x35, 0x20,
0x34, 0x30, 0x2e, 0x31, 0x35, 0x31, 0x34, 0x32, 0x39, 0x2c, 0x31, 0x32, 0x2e,
0x34, 0x39, 0x39, 0x32, 0x39, 0x35, 0x20, 0x4c, 0x34, 0x35, 0x2e, 0x35, 0x32,
0x39, 0x31, 0x39, 0x32, 0x34, 0x2c, 0x31, 0x37, 0x2e, 0x38, 0x32, 0x36, 0x36,
0x39, 0x36, 0x20, 0x43, 0x34, 0x36, 0x2e, 0x31, 0x36, 0x38, 0x38, 0x30, 0x31,
0x38, 0x2c, 0x31, 0x38, 0x2e, 0x34, 0x36, 0x30, 0x33, 0x31, 0x35, 0x35, 0x20,
0x34, 0x36, 0x2e, 0x39, 0x36, 0x34, 0x34, 0x39, 0x36, 0x33, 0x2c, 0x31, 0x38,
0x2e, 0x39, 0x31, 0x36, 0x34, 0x33, 0x34, 0x33, 0x20, 0x34, 0x37, 0x2e, 0x38,
0x33, 0x36, 0x39, 0x37, 0x32, 0x33, 0x2c, 0x31, 0x39, 0x2e, 0x31, 0x34, 0x39,
0x35, 0x39, 0x33, 0x20, 0x4c, 0x35, 0x35, 0x2e, 0x31, 0x37, 0x32, 0x36, 0x35,
0x31, 0x34, 0x2c, 0x32, 0x31, 0x2e, 0x31, 0x30, 0x39, 0x39, 0x36, 0x34, 0x37,
0x20, 0x43, 0x35, 0x37, 0x2e, 0x39, 0x32, 0x35, 0x33, 0x2c, 0x32, 0x31, 0x2e,
0x38, 0x34, 0x35, 0x35, 0x37, 0x36, 0x38, 0x20, 0x35, 0x39, 0x2e, 0x35, 0x35,
0x38, 0x37, 0x37, 0x30, 0x39, 0x2c, 0x32, 0x34, 0x2e, 0x36, 0x35, 0x34, 0x36,
0x35, 0x38, 0x32, 0x20, 0x35, 0x38, 0x2e, 0x38, 0x32, 0x34, 0x30, 0x38, 0x30,
0x34, 0x2c, 0x32, 0x37, 0x2e, 0x33, 0x38, 0x39, 0x33, 0x33, 0x30, 0x33, 0x20,
0x4c, 0x35, 0x36, 0x2e, 0x38, 0x36, 0x36, 0x31, 0x36, 0x34, 0x37, 0x2c, 0x33,
0x34, 0x2e, 0x36, 0x37, 0x37, 0x31, 0x30, 0x33, 0x20, 0x43, 0x35, 0x36, 0x2e,
0x36, 0x33, 0x33, 0x32, 0x39, 0x38, 0x32, 0x2c, 0x33, 0x35, 0x2e, 0x35, 0x34,
0x33, 0x38, 0x38, 0x31, 0x32, 0x20, 0x35, 0x36, 0x2e, 0x36, 0x33, 0x33, 0x32,
0x39, 0x38, 0x32, 0x2c, 0x33, 0x36, 0x2e, 0x34, 0x35, 0x36, 0x31, 0x31, 0x38,
0x38, 0x20, 0x35, 0x36, 0x2e, 0x38, 0x36, 0x36, 0x31, 0x36, 0x34, 0x37, 0x2c,
0x33, 0x37, 0x2e, 0x33, 0x32, 0x32, 0x38, 0x39, 0x37, 0x20, 0x4c, 0x35, 0x38,
0x2e, 0x38, 0x32, 0x34, 0x30, 0x38, 0x30, 0x34, 0x2c, 0x34, 0x34, 0x2e, 0x36,
0x31, 0x30, 0x36, 0x36, 0x39, 0x37, 0x20, 0x43, 0x35, 0x39, 0x2e, 0x35, 0x35,
0x38, 0x37, 0x37, 0x30, 0x39, 0x2c, 0x34, 0x37, 0x2e, 0x33, 0x34, 0x35, 0x33,
0x34, 0x31, 0x38, 0x20, 0x35, 0x37, 0x2e, 0x39, 0x32, 0x35, 0x33, 0x2c, 0x35,
0x30, 0x2e, 0x31, 0x35, 0x34, 0x34, 0x32, 0x33, 0x32, 0x20, 0x35, 0x35, 0x2e,
0x31, 0x37, 0x32, 0x36, 0x35, 0x31, 0x34, 0x2c, 0x35, 0x30, 0x2e, 0x38, 0x39,
0x30, 0x30, 0x33, 0x35, 0x33, 0x20, 0x4c, 0x34, 0x37, 0x2e, 0x38, 0x33, 0x36,
0x39, 0x37, 0x32, 0x33, 0x2c, 0x35, 0x32, 0x2e, 0x38, 0x35, 0x30, 0x34, 0x30,
0x37, 0x20, 0x43, 0x34, 0x36, 0x2e, 0x39, 0x36, 0x34, 0x34, 0x39, 0x36, 0x33,
0x2c, 0x35, 0x33, 0x2e, 0x30, 0x38, 0x33, 0x35, 0x36, 0x35, 0x37, 0x20, 0x34,
0x36, 0x2e, 0x31, 0x36, 0x38, 0x38, 0x30, 0x31, 0x38, 0x2c, 0x35, 0x33, 0x2e,
0x35, 0x33, 0x39, 0x36, 0x38, 0x34, 0x35, 0x20, 0x34, 0x35, 0x2e, 0x35, 0x32,
0x39, 0x31, 0x39, 0x32, 0x34, 0x2c, 0x35, 0x34, 0x2e, 0x31, 0x37, 0x33, 0x33,
0x30, 0x34, 0x20, 0x4c, 0x34, 0x30, 0x2e, 0x31, 0x35, 0x31, 0x34, 0x32, 0x39,
0x2c, 0x35, 0x39, 0x2e, 0x35, 0x30, 0x30, 0x37, 0x30, 0x35, 0x20, 0x43, 0x33,
0x38, 0x2e, 0x31, 0x33, 0x33, 0x34, 0x37, 0x30, 0x39, 0x2c, 0x36, 0x31, 0x2e,
0x34, 0x39, 0x39, 0x37, 0x36, 0x35, 0x20, 0x33, 0x34, 0x2e, 0x38, 0x36, 0x36,
0x35, 0x32, 0x39, 0x31, 0x2c, 0x36, 0x31, 0x2e, 0x34, 0x39, 0x39, 0x37, 0x36,
0x35, 0x20, 0x33, 0x32, 0x2e, 0x38, 0x34, 0x38, 0x35, 0x37, 0x31, 0x2c, 0x35,
0x39, 0x2e, 0x35, 0x30, 0x30, 0x37, 0x30, 0x35, 0x20, 0x4c, 0x32, 0x37, 0x2e,
0x34, 0x37, 0x30, 0x38, 0x30, 0x37, 0x36, 0x2c, 0x35, 0x34, 0x2e, 0x31, 0x37,
0x33, 0x33, 0x30, 0x34, 0x20, 0x43, 0x32, 0x36, 0x2e, 0x38, 0x33, 0x31, 0x31,
0x39, 0x38, 0x32, 0x2c, 0x35, 0x33, 0x2e, 0x35, 0x33, 0x39, 0x36, 0x38, 0x34,
0x35, 0x20, 0x32, 0x36, 0x2e, 0x30, 0x33, 0x35, 0x35, 0x30, 0x33, 0x37, 0x2c,
0x35, 0x33, 0x2e, 0x30, 0x38, 0x33, 0x35, 0x36, 0x35, 0x37, 0x20, 0x32, 0x35,
0x2e, 0x31, 0x36, 0x33, 0x30, 0x32, 0x37, 0x37, 0x2c, 0x35, 0x32, 0x2e, 0x38,
0x35, 0x30, 0x34, 0x30, 0x37, 0x20, 0x5a, 0x22, 0x20, 0x69, 0x64, 0x3d, 0x22,
0x53, 0x74, 0x61, 0x72, 0x2d, 0x46, 0x6c, 0x61, 0x74, 0x22, 0x20, 0x66, 0x69,
0x6c, 0x6c, 0x3d, 0x22, 0x23, 0x46, 0x46, 0x46, 0x46, 0x46, 0x46, 0x22, 0x3e,
0x3c, 0x2f, 0x70, 0x61, 0x74, 0x68, 0x3e, 0x0a, 0x20, 0x20, 0x20, 0x20, 0x3c,
0x2f, 0x67, 0x3e, 0x0a, 0x3c, 0x2f, 0x73, 0x76, 0x67, 0x3e };
IconMask iconMask15(iconMask15Data);

const uchar iconMask6Data[] = {
0x53, 0x56, 0x47, 0x3a, 0x53, 0x49, 0x5a, 0x45, 0x3a, 0x00, 0x00, 0x00, 0x1a,
0x00, 0x00, 0x00, 0x1a, 0x3c, 0x3f, 0x78, 0x6d, 0x6c, 0x20, 0x76, 0x65, 0x72,
0x73, 0x69, 0x6f, 0x6e, 0x3d, 0x22, 0x31, 0x2e, 0x30, 0x22, 0x20, 0x65, 0x6e,
0x63, 0x6f, 0x64, 0x69, 0x6e, 0x67, 0x3d, 0x22, 0x55, 0x54, 0x46, 0x2d, 0x38,
0x22, 0x3f, 0x3e, 0x0a, 0x3c, 0x73, 0x76, 0x67, 0x20, 0x77, 0x69, 0x64, 0x74,
0x68, 0x3d, 0x22, 0x37, 0x32, 0x70, 0x78, 0x22, 0x20, 0x68, 0x65, 0x69, 0x67,
0x68, 0x74, 0x3d, 0x22, 0x37, 0x32, 0x70, 0x78, 0x22, 0x20, 0x76, 0x69, 0x65,
0x77, 0x42, 0x6f, 0x78, 0x3d, 0x22, 0x30, 0x20, 0x30, 0x20, 0x37, 0x32, 0x20,
0x37, 0x32, 0x22, 0x20, 0x76, 0x65, 0x72, 0x73, 0x69, 0x6f, 0x6e, 0x3d, 0x22,
0x31, 0x2e, 0x31, 0x22, 0x20, 0x78, 0x6d, 0x6c, 0x6e, 0x73, 0x3d, 0x22, 0x68,
0x74, 0x74, 0x70, 0x3a, 0x2f, 0x2f, 0x77, 0x77, 0x77, 0x2e, 0x77, 0x33, 0x2e,
0x6f, 0x72, 0x67, 0x2f, 0x32, 0x30, 0x30, 0x30, 0x2f, 0x73, 0x76, 0x67, 0x22,
0x20, 0x78, 0x6d, 0x6c, 0x6e, 0x73, 0x3a, 0x78, 0x6c, 0x69, 0x6e, 0x6b, 0x3d,
0x22, 0x68, 0x74, 0x74, 0x70, 0x3a, 0x2f, 0x2f, 0x77, 0x77, 0x77, 0x2e, 0x77,
0x33, 0x2e, 0x6f, 0x72, 0x67, 0x2f, 0x31, 0x39, 0x39, 0x39, 0x2f, 0x78, 0x6c,
0x69, 0x6e, 0x6b, 0x22, 0x3e, 0x0a, 0x20, 0x20, 0x20, 0x20, 0x3c, 0x74, 0x69,
0x74, 0x6c, 0x65, 0x3e, 0x42, 0x61, 0x64, 0x67, 0x65, 0x20, 0x2f, 0x20, 0x6c,
0x65, 0x76, 0x65, 0x6c, 0x36, 0x5f, 0x69, 0x6e, 0x6e, 0x65, 0x72, 0x3c, 0x2f,
0x74, 0x69, 0x74, 0x6c, 0x65, 0x3e, 0x0a, 0x20, 0x20, 0x20, 0x20, 0x3c, 0x67,
0x20, 0x69, 0x64, 0x3d, 0x22, 0x42, 0x61, 0x64, 0x67, 0x65, 0x2d, 0x2f, 0x2d,
0x6c, 0x65, 0x76, 0x65, 0x6c, 0x36, 0x5f, 0x69, 0x6e, 0x6e, 0x65, 0x72, 0x22,
0x20, 0x73, 0x74, 0x72, 0x6f, 0x6b, 0x65, 0x3d, 0x22, 0x6e, 0x6f, 0x6e, 0x65,
0x22, 0x20, 0x73, 0x74, 0x72, 0x6f, 0x6b, 0x65, 0x2d, 0x77, 0x69, 0x64, 0x74,
0x68, 0x3d, 0x22, 0x31, 0x22, 0x20, 0x66, 0x69, 0x6c, 0x6c, 0x3d, 0x22, 0x6e,
0x6f, 0x6e, 0x65, 0x22, 0x20, 0x66, 0x69, 0x6c, 0x6c, 0x2d, 0x72, 0x75, 0x6c,
0x65, 0x3d, 0x22, 0x65, 0x76, 0x65, 0x6e, 0x6f, 0x64, 0x64, 0x22, 0x3e, 0x0a,
0x20, 0x20, 0x20, 0x20, 0x20, 0x20, 0x20, 0x20, 0x3c, 0x70, 0x61, 0x74, 0x68,
0x20, 0x64, 0x3d, 0x22, 0x4d, 0x35, 0x36, 0x2e, 0x35, 0x2c, 0x32, 0x37, 0x2e,
0x32, 0x30, 0x37, 0x37, 0x34, 0x39, 0x34, 0x20, 0x4c, 0x35, 0x36, 0x2e, 0x35,
0x2c, 0x34, 0x34, 0x2e, 0x37, 0x39, 0x32, 0x32, 0x35, 0x30, 0x36, 0x20, 0x43,
0x35, 0x36, 0x2e, 0x35, 0x2c, 0x34, 0x36, 0x2e, 0x37, 0x32, 0x37, 0x30, 0x32,
0x32, 0x20, 0x35, 0x35, 0x2e, 0x34, 0x37, 0x35, 0x30, 0x31, 0x37, 0x38, 0x2c,
0x34, 0x38, 0x2e, 0x35, 0x31, 0x34, 0x38, 0x32, 0x34, 0x34, 0x20, 0x35, 0x33,
0x2e, 0x38, 0x31, 0x31, 0x31, 0x35, 0x34, 0x34, 0x2c, 0x34, 0x39, 0x2e, 0x34,
0x38, 0x32, 0x32, 0x31, 0x30, 0x31, 0x20, 0x4c, 0x33, 0x38, 0x2e, 0x36, 0x38,
0x38, 0x38, 0x34, 0x35, 0x36, 0x2c, 0x35, 0x38, 0x2e, 0x32, 0x37, 0x34, 0x34,
0x36, 0x30, 0x37, 0x20, 0x43, 0x33, 0x37, 0x2e, 0x30, 0x32, 0x34, 0x39, 0x38,
0x32, 0x32, 0x2c, 0x35, 0x39, 0x2e, 0x32, 0x34, 0x31, 0x38, 0x34, 0x36, 0x34,
0x20, 0x33, 0x34, 0x2e, 0x39, 0x37, 0x35, 0x30, 0x31, 0x37, 0x38, 0x2c, 0x35,
0x39, 0x2e, 0x32, 0x34, 0x31, 0x38, 0x34, 0x36, 0x34, 0x20, 0x33, 0x33, 0x2e,
0x33, 0x31, 0x31, 0x31, 0x35, 0x34, 0x34, 0x2c, 0x35, 0x38, 0x2e, 0x32, 0x37,
0x34, 0x34, 0x36, 0x30, 0x37, 0x20, 0x4c, 0x31, 0x38, 0x2e, 0x31, 0x38, 0x38,
0x38, 0x34, 0x35, 0x36, 0x2c, 0x34, 0x39, 0x2e, 0x34, 0x38, 0x32, 0x32, 0x31,
0x30, 0x31, 0x20, 0x43, 0x31, 0x36, 0x2e, 0x35, 0x32, 0x34, 0x39, 0x38, 0x32,
0x32, 0x2c, 0x34, 0x38, 0x2e, 0x35, 0x31, 0x34, 0x38, 0x32, 0x34, 0x34, 0x20,
0x31, 0x35, 0x2e, 0x35, 0x2c, 0x34, 0x36, 0x2e, 0x37, 0x32, 0x37, 0x30, 0x32,
0x32, 0x20, 0x31, 0x35, 0x2e, 0x35, 0x2c, 0x34, 0x34, 0x2e, 0x37, 0x39, 0x32,
0x32, 0x35, 0x30, 0x36, 0x20, 0x4c, 0x31, 0x35, 0x2e, 0x35, 0x2c, 0x32, 0x37,
0x2e, 0x32, 0x30, 0x37, 0x37, 0x34, 0x39, 0x34, 0x20, 0x43, 0x31, 0x35, 0x2e,
0x35, 0x2c, 0x32, 0x35, 0x2e, 0x32, 0x37, 0x32, 0x39, 0x37, 0x38, 0x20, 0x31,
0x36, 0x2e, 0x35, 0x32, 0x34, 0x39, 0x38, 0x32, 0x32, 0x2c, 0x32, 0x33, 0x2e,
0x34, 0x38, 0x35, 0x31, 0x37, 0x35, 0x36, 0x20, 0x31, 0x38, 0x2e, 0x31, 0x38,
0x38, 0x38, 0x34, 0x35, 0x36, 0x2c, 0x32, 0x32, 0x2e, 0x35, 0x31, 0x37, 0x37,
0x38, 0x39, 0x39, 0x20, 0x4c, 0x33, 0x33, 0x2e, 0x33, 0x31, 0x31, 0x31, 0x35,
0x34, 0x34, 0x2c, 0x31, 0x33, 0x2e, 0x37, 0x32, 0x35, 0x35, 0x33, 0x39, 0x33,
0x20, 0x43, 0x33, 0x34, 0x2e, 0x39, 0x37, 0x35, 0x30, 0x31, 0x37, 0x38, 0x2c,
0x31, 0x32, 0x2e, 0x37, 0x35, 0x38, 0x31, 0x35, 0x33, 0x36, 0x20, 0x33, 0x37,
0x2e, 0x30, 0x32, 0x34, 0x39, 0x38, 0x32, 0x32, 0x2c, 0x31, 0x32, 0x2e, 0x37,
0x35, 0x38, 0x31, 0x35, 0x33, 0x36, 0x20, 0x33, 0x38, 0x2e, 0x36, 0x38, 0x38,
0x38, 0x34, 0x35, 0x36, 0x2c, 0x31, 0x33, 0x2e, 0x37, 0x32, 0x35, 0x35, 0x33,
0x39, 0x33, 0x20, 0x4c, 0x35, 0x33, 0x2e, 0x38, 0x31, 0x31, 0x31, 0x35, 0x34,
0x34, 0x2c, 0x32, 0x32, 0x2e, 0x35, 0x31, 0x37, 0x37, 0x38, 0x39, 0x39, 0x20,
0x43, 0x35, 0x35, 0x2e, 0x34, 0x37, 0x35, 0x30, 0x31, 0x37, 0x38, 0x2c, 0x32,
0x33, 0x2e, 0x34, 0x38, 0x35, 0x31, 0x37, 0x35, 0x36, 0x20, 0x35, 0x36, 0x2e,
0x35, 0x2c, 0x32, 0x35, 0x2e, 0x32, 0x37, 0x32, 0x39, 0x37, 0x38, 0x20, 0x35,
0x36, 0x2e, 0x35, 0x2c, 0x32, 0x37, 0x2e, 0x32, 0x30, 0x37, 0x37, 0x34, 0x39,
0x34, 0x20, 0x5a, 0x22, 0x20, 0x69, 0x64, 0x3d, 0x22, 0x50, 0x6f, 0x6c, 0x79,
0x67, 0x6f, 0x6e, 0x2d, 0x46, 0x6c, 0x61, 0x74, 0x22, 0x20, 0x66, 0x69, 0x6c,
0x6c, 0x3d, 0x22, 0x23, 0x46, 0x46, 0x46, 0x46, 0x46, 0x46, 0x22, 0x3e, 0x3c,
0x2f, 0x70, 0x61, 0x74, 0x68, 0x3e, 0x0a, 0x20, 0x20, 0x20, 0x20, 0x3c, 0x2f,
0x67, 0x3e, 0x0a, 0x3c, 0x2f, 0x73, 0x76, 0x67, 0x3e };
IconMask iconMask6(iconMask6Data);

const uchar iconMask16Data[] = {
0x53, 0x56, 0x47, 0x3a, 0x53, 0x49, 0x5a, 0x45, 0x3a, 0x00, 0x00, 0x00, 0x1a,
0x00, 0x00, 0x00, 0x1a, 0x3c, 0x3f, 0x78, 0x6d, 0x6c, 0x20, 0x76, 0x65, 0x72,
0x73, 0x69, 0x6f, 0x6e, 0x3d, 0x22, 0x31, 0x2e, 0x30, 0x22, 0x20, 0x65, 0x6e,
0x63, 0x6f, 0x64, 0x69, 0x6e, 0x67, 0x3d, 0x22, 0x55, 0x54, 0x46, 0x2d, 0x38,
0x22, 0x3f, 0x3e, 0x0a, 0x3c, 0x73, 0x76, 0x67, 0x20, 0x77, 0x69, 0x64, 0x74,
0x68, 0x3d, 0x22, 0x37, 0x32, 0x70, 0x78, 0x22, 0x20, 0x68, 0x65, 0x69, 0x67,
0x68, 0x74, 0x3d, 0x22, 0x37, 0x32, 0x70, 0x78, 0x22, 0x20, 0x76, 0x69, 0x65,
0x77, 0x42, 0x6f, 0x78, 0x3d, 0x22, 0x30, 0x20, 0x30, 0x20, 0x37, 0x32, 0x20,
0x37, 0x32, 0x22, 0x20, 0x76, 0x65, 0x72, 0x73, 0x69, 0x6f, 0x6e, 0x3d, 0x22,
0x31, 0x2e, 0x31, 0x22, 0x20, 0x78, 0x6d, 0x6c, 0x6e, 0x73, 0x3d, 0x22, 0x68,
0x74, 0x74, 0x70, 0x3a, 0x2f, 0x2f, 0x77, 0x77, 0x77, 0x2e, 0x77, 0x33, 0x2e,
0x6f, 0x72, 0x67, 0x2f, 0x32, 0x30, 0x30, 0x30, 0x2f, 0x73, 0x76, 0x67, 0x22,
0x20, 0x78, 0x6d, 0x6c, 0x6e, 0x73, 0x3a, 0x78, 0x6c, 0x69, 0x6e, 0x6b, 0x3d,
0x22, 0x68, 0x74, 0x74, 0x70, 0x3a, 0x2f, 0x2f, 0x77, 0x77, 0x77, 0x2e, 0x77,
0x33, 0x2e, 0x6f, 0x72, 0x67, 0x2f, 0x31, 0x39, 0x39, 0x39, 0x2f, 0x78, 0x6c,
0x69, 0x6e, 0x6b, 0x22, 0x3e, 0x0a, 0x20, 0x20, 0x20, 0x20, 0x3c, 0x74, 0x69,
0x74, 0x6c, 0x65, 0x3e, 0x42, 0x61, 0x64, 0x67, 0x65, 0x20, 0x2f, 0x20, 0x6c,
0x65, 0x76, 0x65, 0x6c, 0x37, 0x30, 0x5f, 0x69, 0x6e, 0x6e, 0x65, 0x72, 0x3c,
0x2f, 0x74, 0x69, 0x74, 0x6c, 0x65, 0x3e, 0x0a, 0x20, 0x20, 0x20, 0x20, 0x3c,
0x67, 0x20, 0x69, 0x64, 0x3d, 0x22, 0x42, 0x61, 0x64, 0x67, 0x65, 0x2d, 0x2f,
0x2d, 0x6c, 0x65, 0x76, 0x65, 0x6c, 0x37, 0x30, 0x5f, 0x69, 0x6e, 0x6e, 0x65,
0x72, 0x22, 0x20, 0x73, 0x74, 0x72, 0x6f, 0x6b, 0x65, 0x3d, 0x22, 0x6e, 0x6f,
0x6e, 0x65, 0x22, 0x20, 0x73, 0x74, 0x72, 0x6f, 0x6b, 0x65, 0x2d, 0x77, 0x69,
0x64, 0x74, 0x68, 0x3d, 0x22, 0x31, 0x22, 0x20, 0x66, 0x69, 0x6c, 0x6c, 0x3d,
0x22, 0x6e, 0x6f, 0x6e, 0x65, 0x22, 0x20, 0x66, 0x69, 0x6c, 0x6c, 0x2d, 0x72,
0x75, 0x6c, 0x65, 0x3d, 0x22, 0x65, 0x76, 0x65, 0x6e, 0x6f, 0x64, 0x64, 0x22,
0x3e, 0x0a, 0x20, 0x20, 0x20, 0x20, 0x20, 0x20, 0x20, 0x20, 0x3c, 0x70, 0x61,
0x74, 0x68, 0x20, 0x64, 0x3d, 0x22, 0x4d, 0x32, 0x35, 0x2e, 0x36, 0x32, 0x33,
0x31, 0x35, 0x32, 0x39, 0x2c, 0x35, 0x33, 0x2e, 0x36, 0x38, 0x34, 0x39, 0x35,
0x33, 0x37, 0x20, 0x4c, 0x32, 0x30, 0x2e, 0x32, 0x34, 0x35, 0x36, 0x35, 0x31,
0x32, 0x2c, 0x35, 0x33, 0x2e, 0x31, 0x31, 0x31, 0x39, 0x38, 0x36, 0x34, 0x20,
0x43, 0x31, 0x37, 0x2e, 0x33, 0x36, 0x33, 0x39, 0x39, 0x38, 0x34, 0x2c, 0x35,
0x32, 0x2e, 0x38, 0x30, 0x34, 0x39, 0x34, 0x39, 0x32, 0x20, 0x31, 0x35, 0x2e,
0x32, 0x36, 0x33, 0x36, 0x38, 0x38, 0x2c, 0x35, 0x30, 0x2e, 0x31, 0x39, 0x31,
0x38, 0x36, 0x30, 0x36, 0x20, 0x31, 0x35, 0x2e, 0x35, 0x33, 0x38, 0x39, 0x39,
0x30, 0x39, 0x2c, 0x34, 0x37, 0x2e, 0x32, 0x35, 0x36, 0x32, 0x32, 0x33, 0x20,
0x4c, 0x31, 0x36, 0x2e, 0x30, 0x35, 0x32, 0x37, 0x33, 0x38, 0x32, 0x2c, 0x34,
0x31, 0x2e, 0x37, 0x37, 0x37, 0x39, 0x37, 0x39, 0x36, 0x20, 0x43, 0x31, 0x36,
0x2e, 0x31, 0x36, 0x34, 0x38, 0x32, 0x36, 0x34, 0x2c, 0x34, 0x30, 0x2e, 0x35,
0x38, 0x32, 0x37, 0x34, 0x38, 0x39, 0x20, 0x31, 0x35, 0x2e, 0x38, 0x38, 0x30,
0x34, 0x35, 0x30, 0x36, 0x2c, 0x33, 0x39, 0x2e, 0x33, 0x38, 0x33, 0x37, 0x33,
0x38, 0x33, 0x20, 0x31, 0x35, 0x2e, 0x32, 0x34, 0x34, 0x39, 0x36, 0x36, 0x38,
0x2c, 0x33, 0x38, 0x2e, 0x33, 0x37, 0x32, 0x31, 0x38, 0x32, 0x34, 0x20, 0x4c,
0x31, 0x32, 0x2e, 0x33, 0x33, 0x32, 0x32, 0x37, 0x38, 0x2c, 0x33, 0x33, 0x2e,
0x37, 0x33, 0x35, 0x37, 0x39, 0x37, 0x35, 0x20, 0x43, 0x31, 0x30, 0x2e, 0x37,
0x37, 0x31, 0x34, 0x34, 0x39, 0x35, 0x2c, 0x33, 0x31, 0x2e, 0x32, 0x35, 0x31,
0x32, 0x38, 0x38, 0x33, 0x20, 0x31, 0x31, 0x2e, 0x34, 0x36, 0x39, 0x31, 0x38,
0x38, 0x37, 0x2c, 0x32, 0x37, 0x2e, 0x39, 0x35, 0x30, 0x37, 0x33, 0x32, 0x37,
0x20, 0x31, 0x33, 0x2e, 0x38, 0x39, 0x35, 0x38, 0x36, 0x36, 0x37, 0x2c, 0x32,
0x36, 0x2e, 0x33, 0x33, 0x39, 0x34, 0x36, 0x34, 0x38, 0x20, 0x4c, 0x31, 0x38,
0x2e, 0x34, 0x32, 0x34, 0x33, 0x33, 0x32, 0x2c, 0x32, 0x33, 0x2e, 0x33, 0x33,
0x32, 0x36, 0x35, 0x30, 0x33, 0x20, 0x43, 0x31, 0x39, 0x2e, 0x34, 0x31, 0x32,
0x33, 0x34, 0x32, 0x32, 0x2c, 0x32, 0x32, 0x2e, 0x36, 0x37, 0x36, 0x36, 0x33,
0x30, 0x33, 0x20, 0x32, 0x30, 0x2e, 0x31, 0x35, 0x36, 0x30, 0x36, 0x34, 0x37,
0x2c, 0x32, 0x31, 0x2e, 0x37, 0x30, 0x32, 0x37, 0x36, 0x37, 0x34, 0x20, 0x32,
0x30, 0x2e, 0x35, 0x33, 0x36, 0x38, 0x38, 0x30, 0x34, 0x2c, 0x32, 0x30, 0x2e,
0x35, 0x36, 0x36, 0x33, 0x38, 0x36, 0x35, 0x20, 0x4c, 0x32, 0x32, 0x2e, 0x32,
0x38, 0x32, 0x33, 0x31, 0x38, 0x36, 0x2c, 0x31, 0x35, 0x2e, 0x33, 0x35, 0x37,
0x38, 0x37, 0x36, 0x33, 0x20, 0x43, 0x32, 0x33, 0x2e, 0x32, 0x31, 0x37, 0x36,
0x35, 0x30, 0x31, 0x2c, 0x31, 0x32, 0x2e, 0x35, 0x36, 0x36, 0x37, 0x38, 0x31,
0x33, 0x20, 0x32, 0x36, 0x2e, 0x31, 0x38, 0x38, 0x30, 0x32, 0x37, 0x2c, 0x31,
0x31, 0x2e, 0x30, 0x36, 0x34, 0x31, 0x34, 0x34, 0x34, 0x20, 0x32, 0x38, 0x2e,
0x39, 0x33, 0x38, 0x37, 0x34, 0x32, 0x32, 0x2c, 0x31, 0x31, 0x2e, 0x39, 0x39,
0x30, 0x35, 0x36, 0x33, 0x37, 0x20, 0x4c, 0x33, 0x34, 0x2e, 0x30, 0x37, 0x31,
0x38, 0x39, 0x38, 0x37, 0x2c, 0x31, 0x33, 0x2e, 0x37, 0x31, 0x39, 0x33, 0x37,
0x30, 0x37, 0x20, 0x43, 0x33, 0x35, 0x2e, 0x31, 0x39, 0x31, 0x38, 0x33, 0x39,
0x31, 0x2c, 0x31, 0x34, 0x2e, 0x30, 0x39, 0x36, 0x35, 0x35, 0x37, 0x39, 0x20,
0x33, 0x36, 0x2e, 0x34, 0x30, 0x33, 0x36, 0x32, 0x31, 0x37, 0x2c, 0x31, 0x34,
0x2e, 0x30, 0x38, 0x31, 0x31, 0x38, 0x31, 0x33, 0x20, 0x33, 0x37, 0x2e, 0x35,
0x31, 0x33, 0x39, 0x37, 0x34, 0x39, 0x2c, 0x31, 0x33, 0x2e, 0x36, 0x37, 0x35,
0x36, 0x39, 0x33, 0x34, 0x20, 0x4c, 0x34, 0x32, 0x2e, 0x36, 0x30, 0x33, 0x31,
0x38, 0x39, 0x35, 0x2c, 0x31, 0x31, 0x2e, 0x38, 0x31, 0x37, 0x31, 0x37, 0x32,
0x34, 0x20, 0x43, 0x34, 0x35, 0x2e, 0x33, 0x33, 0x30, 0x33, 0x35, 0x37, 0x33,
0x2c, 0x31, 0x30, 0x2e, 0x38, 0x32, 0x31, 0x32, 0x34, 0x33, 0x20, 0x34, 0x38,
0x2e, 0x33, 0x33, 0x36, 0x36, 0x31, 0x37, 0x36, 0x2c, 0x31, 0x32, 0x2e, 0x32,
0x34, 0x38, 0x30, 0x34, 0x31, 0x20, 0x34, 0x39, 0x2e, 0x33, 0x34, 0x30, 0x30,
0x32, 0x35, 0x32, 0x2c, 0x31, 0x35, 0x2e, 0x30, 0x31, 0x34, 0x35, 0x33, 0x34,
0x39, 0x20, 0x4c, 0x35, 0x31, 0x2e, 0x32, 0x31, 0x32, 0x35, 0x30, 0x31, 0x34,
0x2c, 0x32, 0x30, 0x2e, 0x31, 0x37, 0x37, 0x31, 0x33, 0x36, 0x36, 0x20, 0x43,
0x35, 0x31, 0x2e, 0x36, 0x32, 0x31, 0x30, 0x33, 0x34, 0x2c, 0x32, 0x31, 0x2e,
0x33, 0x30, 0x33, 0x35, 0x30, 0x31, 0x32, 0x20, 0x35, 0x32, 0x2e, 0x33, 0x38,
0x38, 0x33, 0x37, 0x39, 0x37, 0x2c, 0x32, 0x32, 0x2e, 0x32, 0x35, 0x38, 0x31,
0x38, 0x39, 0x38, 0x20, 0x35, 0x33, 0x2e, 0x33, 0x39, 0x32, 0x31, 0x35, 0x31,
0x38, 0x2c, 0x32, 0x32, 0x2e, 0x38, 0x38, 0x38, 0x39, 0x33, 0x35, 0x36, 0x20,
0x4c, 0x35, 0x37, 0x2e, 0x39, 0x39, 0x32, 0x38, 0x36, 0x30, 0x34, 0x2c, 0x32,
0x35, 0x2e, 0x37, 0x37, 0x39, 0x39, 0x30, 0x38, 0x20, 0x43, 0x36, 0x30, 0x2e,
0x34, 0x35, 0x38, 0x32, 0x35, 0x31, 0x36, 0x2c, 0x32, 0x37, 0x2e, 0x33, 0x32,
0x39, 0x30, 0x39, 0x39, 0x34, 0x20, 0x36, 0x31, 0x2e, 0x32, 0x33, 0x36, 0x36,
0x31, 0x39, 0x39, 0x2c, 0x33, 0x30, 0x2e, 0x36, 0x31, 0x30, 0x39, 0x32, 0x34,
0x33, 0x20, 0x35, 0x39, 0x2e, 0x37, 0x33, 0x37, 0x31, 0x33, 0x33, 0x36, 0x2c,
0x33, 0x33, 0x2e, 0x31, 0x33, 0x34, 0x32, 0x36, 0x36, 0x34, 0x20, 0x4c, 0x35,
0x36, 0x2e, 0x39, 0x33, 0x38, 0x39, 0x31, 0x36, 0x37, 0x2c, 0x33, 0x37, 0x2e,
0x38, 0x34, 0x33, 0x31, 0x31, 0x38, 0x34, 0x20, 0x43, 0x35, 0x36, 0x2e, 0x33,
0x32, 0x38, 0x34, 0x30, 0x38, 0x31, 0x2c, 0x33, 0x38, 0x2e, 0x38, 0x37, 0x30,
0x34, 0x38, 0x35, 0x20, 0x35, 0x36, 0x2e, 0x30, 0x37, 0x33, 0x34, 0x39, 0x2c,
0x34, 0x30, 0x2e, 0x30, 0x37, 0x36, 0x33, 0x33, 0x38, 0x38, 0x20, 0x35, 0x36,
0x2e, 0x32, 0x31, 0x34, 0x38, 0x32, 0x30, 0x31, 0x2c, 0x34, 0x31, 0x2e, 0x32,
0x36, 0x38, 0x33, 0x35, 0x33, 0x38, 0x20, 0x4c, 0x35, 0x36, 0x2e, 0x38, 0x36,
0x32, 0x35, 0x39, 0x35, 0x33, 0x2c, 0x34, 0x36, 0x2e, 0x37, 0x33, 0x31, 0x38,
0x35, 0x38, 0x34, 0x20, 0x43, 0x35, 0x37, 0x2e, 0x32, 0x30, 0x39, 0x37, 0x32,
0x2c, 0x34, 0x39, 0x2e, 0x36, 0x35, 0x39, 0x35, 0x39, 0x37, 0x39, 0x20, 0x35,
0x35, 0x2e, 0x31, 0x37, 0x34, 0x30, 0x36, 0x39, 0x31, 0x2c, 0x35, 0x32, 0x2e,
0x33, 0x32, 0x35, 0x31, 0x36, 0x38, 0x36, 0x20, 0x35, 0x32, 0x2e, 0x33, 0x30,
0x30, 0x38, 0x33, 0x32, 0x37, 0x2c, 0x35, 0x32, 0x2e, 0x37, 0x30, 0x35, 0x32,
0x33, 0x30, 0x39, 0x20, 0x4c, 0x34, 0x36, 0x2e, 0x39, 0x33, 0x39, 0x30, 0x33,
0x37, 0x31, 0x2c, 0x35, 0x33, 0x2e, 0x34, 0x31, 0x34, 0x34, 0x37, 0x31, 0x36,
0x20, 0x43, 0x34, 0x35, 0x2e, 0x37, 0x36, 0x39, 0x32, 0x31, 0x32, 0x37, 0x2c,
0x35, 0x33, 0x2e, 0x35, 0x36, 0x39, 0x32, 0x31, 0x32, 0x31, 0x20, 0x34, 0x34,
0x2e, 0x36, 0x38, 0x33, 0x39, 0x38, 0x39, 0x32, 0x2c, 0x35, 0x34, 0x2e, 0x31,
0x31, 0x38, 0x31, 0x39, 0x38, 0x36, 0x20, 0x34, 0x33, 0x2e, 0x38, 0x35, 0x36,
0x34, 0x35, 0x32, 0x39, 0x2c, 0x35, 0x34, 0x2e, 0x39, 0x37, 0x33, 0x38, 0x37,
0x31, 0x32, 0x20, 0x4c, 0x34, 0x30, 0x2e, 0x30, 0x36, 0x33, 0x35, 0x30, 0x36,
0x39, 0x2c, 0x35, 0x38, 0x2e, 0x38, 0x39, 0x35, 0x37, 0x37, 0x37, 0x36, 0x20,
0x43, 0x33, 0x38, 0x2e, 0x30, 0x33, 0x30, 0x39, 0x37, 0x33, 0x2c, 0x36, 0x30,
0x2e, 0x39, 0x39, 0x37, 0x34, 0x31, 0x37, 0x36, 0x20, 0x33, 0x34, 0x2e, 0x37,
0x31, 0x34, 0x31, 0x38, 0x39, 0x36, 0x2c, 0x36, 0x31, 0x2e, 0x30, 0x33, 0x39,
0x35, 0x30, 0x35, 0x31, 0x20, 0x33, 0x32, 0x2e, 0x36, 0x33, 0x30, 0x38, 0x30,
0x38, 0x36, 0x2c, 0x35, 0x38, 0x2e, 0x39, 0x39, 0x30, 0x30, 0x39, 0x32, 0x38,
0x20, 0x4c, 0x32, 0x38, 0x2e, 0x37, 0x34, 0x32, 0x39, 0x37, 0x35, 0x38, 0x2c,
0x35, 0x35, 0x2e, 0x31, 0x36, 0x35, 0x36, 0x34, 0x39, 0x35, 0x20, 0x43, 0x32,
0x37, 0x2e, 0x38, 0x39, 0x34, 0x37, 0x33, 0x37, 0x33, 0x2c, 0x35, 0x34, 0x2e,
0x33, 0x33, 0x31, 0x32, 0x34, 0x31, 0x32, 0x20, 0x32, 0x36, 0x2e, 0x37, 0x39,
0x36, 0x34, 0x30, 0x33, 0x39, 0x2c, 0x35, 0x33, 0x2e, 0x38, 0x30, 0x39, 0x39,
0x36, 0x32, 0x34, 0x20, 0x32, 0x35, 0x2e, 0x36, 0x32, 0x33, 0x31, 0x35, 0x32,
0x39, 0x2c, 0x35, 0x33, 0x2e, 0x36, 0x38, 0x34, 0x39, 0x35, 0x33, 0x37, 0x20,
0x5a, 0x22, 0x20, 0x69, 0x64, 0x3d, 0x22, 0x53, 0x74, 0x61, 0x72, 0x2d, 0x46,
0x6c, 0x61, 0x74, 0x22, 0x20, 0x66, 0x69, 0x6c, 0x6c, 0x3d, 0x22, 0x23, 0x46,
0x46, 0x46, 0x46, 0x46, 0x46, 0x22, 0x3e, 0x3c, 0x2f, 0x70, 0x61, 0x74, 0x68,
0x3e, 0x0a, 0x20, 0x20, 0x20, 0x20, 0x3c, 0x2f, 0x67, 0x3e, 0x0a, 0x3c, 0x2f,
0x73, 0x76, 0x67, 0x3e };
IconMask iconMask16(iconMask16Data);

const uchar iconMask7Data[] = {
0x53, 0x56, 0x47, 0x3a, 0x53, 0x49, 0x5a, 0x45, 0x3a, 0x00, 0x00, 0x00, 0x1a,
0x00, 0x00, 0x00, 0x1a, 0x3c, 0x3f, 0x78, 0x6d, 0x6c, 0x20, 0x76, 0x65, 0x72,
0x73, 0x69, 0x6f, 0x6e, 0x3d, 0x22, 0x31, 0x2e, 0x30, 0x22, 0x20, 0x65, 0x6e,
0x63, 0x6f, 0x64, 0x69, 0x6e, 0x67, 0x3d, 0x22, 0x55, 0x54, 0x46, 0x2d, 0x38,
0x22, 0x3f, 0x3e, 0x0a, 0x3c, 0x73, 0x76, 0x67, 0x20, 0x77, 0x69, 0x64, 0x74,
0x68, 0x3d, 0x22, 0x37, 0x32, 0x70, 0x78, 0x22, 0x20, 0x68, 0x65, 0x69, 0x67,
0x68, 0x74, 0x3d, 0x22, 0x37, 0x32, 0x70, 0x78, 0x22, 0x20, 0x76, 0x69, 0x65,
0x77, 0x42, 0x6f, 0x78, 0x3d, 0x22, 0x30, 0x20, 0x30, 0x20, 0x37, 0x32, 0x20,
0x37, 0x32, 0x22, 0x20, 0x76, 0x65, 0x72, 0x73, 0x69, 0x6f, 0x6e, 0x3d, 0x22,
0x31, 0x2e, 0x31, 0x22, 0x20, 0x78, 0x6d, 0x6c, 0x6e, 0x73, 0x3d, 0x22, 0x68,
0x74, 0x74, 0x70, 0x3a, 0x2f, 0x2f, 0x77, 0x77, 0x77, 0x2e, 0x77, 0x33, 0x2e,
0x6f, 0x72, 0x67, 0x2f, 0x32, 0x30, 0x30, 0x30, 0x2f, 0x73, 0x76, 0x67, 0x22,
0x20, 0x78, 0x6d, 0x6c, 0x6e, 0x73, 0x3a, 0x78, 0x6c, 0x69, 0x6e, 0x6b, 0x3d,
0x22, 0x68, 0x74, 0x74, 0x70, 0x3a, 0x2f, 0x2f, 0x77, 0x77, 0x77, 0x2e, 0x77,
0x33, 0x2e, 0x6f, 0x72, 0x67, 0x2f, 0x31, 0x39, 0x39, 0x39, 0x2f, 0x78, 0x6c,
0x69, 0x6e, 0x6b, 0x22, 0x3e, 0x0a, 0x20, 0x20, 0x20, 0x20, 0x3c, 0x74, 0x69,
0x74, 0x6c, 0x65, 0x3e, 0x42, 0x61, 0x64, 0x67, 0x65, 0x20, 0x2f, 0x20, 0x6c,
0x65, 0x76, 0x65, 0x6c, 0x37, 0x5f, 0x69, 0x6e, 0x6e, 0x65, 0x72, 0x3c, 0x2f,
0x74, 0x69, 0x74, 0x6c, 0x65, 0x3e, 0x0a, 0x20, 0x20, 0x20, 0x20, 0x3c, 0x67,
0x20, 0x69, 0x64, 0x3d, 0x22, 0x42, 0x61, 0x64, 0x67, 0x65, 0x2d, 0x2f, 0x2d,
0x6c, 0x65, 0x76, 0x65, 0x6c, 0x37, 0x5f, 0x69, 0x6e, 0x6e, 0x65, 0x72, 0x22,
0x20, 0x73, 0x74, 0x72, 0x6f, 0x6b, 0x65, 0x3d, 0x22, 0x6e, 0x6f, 0x6e, 0x65,
0x22, 0x20, 0x73, 0x74, 0x72, 0x6f, 0x6b, 0x65, 0x2d, 0x77, 0x69, 0x64, 0x74,
0x68, 0x3d, 0x22, 0x31, 0x22, 0x20, 0x66, 0x69, 0x6c, 0x6c, 0x3d, 0x22, 0x6e,
0x6f, 0x6e, 0x65, 0x22, 0x20, 0x66, 0x69, 0x6c, 0x6c, 0x2d, 0x72, 0x75, 0x6c,
0x65, 0x3d, 0x22, 0x65, 0x76, 0x65, 0x6e, 0x6f, 0x64, 0x64, 0x22, 0x3e, 0x0a,
0x20, 0x20, 0x20, 0x20, 0x20, 0x20, 0x20, 0x20, 0x3c, 0x70, 0x61, 0x74, 0x68,
0x20, 0x64, 0x3d, 0x22, 0x4d, 0x34, 0x37, 0x2e, 0x35, 0x31, 0x31, 0x39, 0x34,
0x36, 0x39, 0x2c, 0x31, 0x35, 0x2e, 0x39, 0x37, 0x32, 0x35, 0x31, 0x34, 0x36,
0x20, 0x4c, 0x35, 0x36, 0x2e, 0x39, 0x34, 0x38, 0x35, 0x31, 0x36, 0x35, 0x2c,
0x32, 0x38, 0x2e, 0x31, 0x35, 0x34, 0x34, 0x37, 0x36, 0x35, 0x20, 0x43, 0x35,
0x37, 0x2e, 0x38, 0x37, 0x30, 0x33, 0x33, 0x30, 0x35, 0x2c, 0x32, 0x39, 0x2e,
0x33, 0x34, 0x34, 0x34, 0x37, 0x34, 0x39, 0x20, 0x35, 0x38, 0x2e, 0x32, 0x31,
0x30, 0x31, 0x39, 0x33, 0x38, 0x2c, 0x33, 0x30, 0x2e, 0x38, 0x39, 0x37, 0x34,
0x35, 0x31, 0x38, 0x20, 0x35, 0x37, 0x2e, 0x38, 0x37, 0x31, 0x38, 0x39, 0x38,
0x39, 0x2c, 0x33, 0x32, 0x2e, 0x33, 0x37, 0x33, 0x37, 0x39, 0x35, 0x36, 0x20,
0x4c, 0x35, 0x34, 0x2e, 0x34, 0x30, 0x38, 0x37, 0x38, 0x39, 0x32, 0x2c, 0x34,
0x37, 0x2e, 0x34, 0x38, 0x37, 0x30, 0x36, 0x32, 0x20, 0x43, 0x35, 0x34, 0x2e,
0x30, 0x37, 0x30, 0x34, 0x39, 0x34, 0x33, 0x2c, 0x34, 0x38, 0x2e, 0x39, 0x36,
0x33, 0x34, 0x30, 0x35, 0x37, 0x20, 0x35, 0x33, 0x2e, 0x30, 0x39, 0x30, 0x38,
0x36, 0x30, 0x38, 0x2c, 0x35, 0x30, 0x2e, 0x32, 0x30, 0x32, 0x34, 0x33, 0x33,
0x37, 0x20, 0x35, 0x31, 0x2e, 0x37, 0x34, 0x37, 0x32, 0x2c, 0x35, 0x30, 0x2e,
0x38, 0x35, 0x33, 0x34, 0x30, 0x35, 0x38, 0x20, 0x4c, 0x33, 0x37, 0x2e, 0x39,
0x39, 0x32, 0x32, 0x30, 0x33, 0x31, 0x2c, 0x35, 0x37, 0x2e, 0x35, 0x31, 0x37,
0x33, 0x37, 0x38, 0x39, 0x20, 0x43, 0x33, 0x36, 0x2e, 0x36, 0x34, 0x38, 0x35,
0x34, 0x32, 0x33, 0x2c, 0x35, 0x38, 0x2e, 0x31, 0x36, 0x38, 0x33, 0x35, 0x31,
0x31, 0x20, 0x33, 0x35, 0x2e, 0x30, 0x38, 0x37, 0x30, 0x39, 0x36, 0x2c, 0x35,
0x38, 0x2e, 0x31, 0x36, 0x30, 0x34, 0x31, 0x36, 0x37, 0x20, 0x33, 0x33, 0x2e,
0x37, 0x34, 0x39, 0x38, 0x37, 0x33, 0x32, 0x2c, 0x35, 0x37, 0x2e, 0x34, 0x39,
0x35, 0x38, 0x32, 0x31, 0x39, 0x20, 0x4c, 0x32, 0x30, 0x2e, 0x30, 0x36, 0x30,
0x37, 0x38, 0x32, 0x35, 0x2c, 0x35, 0x30, 0x2e, 0x36, 0x39, 0x32, 0x33, 0x39,
0x34, 0x31, 0x20, 0x43, 0x31, 0x38, 0x2e, 0x37, 0x32, 0x33, 0x35, 0x35, 0x39,
0x37, 0x2c, 0x35, 0x30, 0x2e, 0x30, 0x32, 0x37, 0x37, 0x39, 0x39, 0x33, 0x20,
0x31, 0x37, 0x2e, 0x37, 0x35, 0x36, 0x31, 0x30, 0x31, 0x36, 0x2c, 0x34, 0x38,
0x2e, 0x37, 0x37, 0x38, 0x38, 0x37, 0x37, 0x34, 0x20, 0x31, 0x37, 0x2e, 0x34,
0x33, 0x32, 0x32, 0x37, 0x32, 0x39, 0x2c, 0x34, 0x37, 0x2e, 0x32, 0x39, 0x39,
0x31, 0x36, 0x39, 0x31, 0x20, 0x4c, 0x31, 0x34, 0x2e, 0x31, 0x31, 0x37, 0x32,
0x35, 0x32, 0x37, 0x2c, 0x33, 0x32, 0x2e, 0x31, 0x35, 0x31, 0x34, 0x36, 0x30,
0x32, 0x20, 0x43, 0x31, 0x33, 0x2e, 0x37, 0x39, 0x33, 0x34, 0x32, 0x34, 0x2c,
0x33, 0x30, 0x2e, 0x36, 0x37, 0x31, 0x37, 0x35, 0x31, 0x39, 0x20, 0x31, 0x34,
0x2e, 0x31, 0x34, 0x38, 0x34, 0x36, 0x39, 0x38, 0x2c, 0x32, 0x39, 0x2e, 0x31,
0x32, 0x32, 0x33, 0x30, 0x36, 0x32, 0x20, 0x31, 0x35, 0x2e, 0x30, 0x38, 0x31,
0x38, 0x38, 0x34, 0x37, 0x2c, 0x32, 0x37, 0x2e, 0x39, 0x34, 0x31, 0x37, 0x33,
0x34, 0x39, 0x20, 0x4c, 0x32, 0x34, 0x2e, 0x36, 0x33, 0x37, 0x32, 0x31, 0x33,
0x2c, 0x31, 0x35, 0x2e, 0x38, 0x35, 0x36, 0x32, 0x37, 0x38, 0x37, 0x20, 0x43,
0x32, 0x35, 0x2e, 0x35, 0x37, 0x30, 0x36, 0x32, 0x38, 0x2c, 0x31, 0x34, 0x2e,
0x36, 0x37, 0x35, 0x37, 0x30, 0x37, 0x35, 0x20, 0x32, 0x36, 0x2e, 0x39, 0x38,
0x30, 0x38, 0x32, 0x30, 0x39, 0x2c, 0x31, 0x33, 0x2e, 0x39, 0x39, 0x32, 0x35,
0x30, 0x32, 0x31, 0x20, 0x32, 0x38, 0x2e, 0x34, 0x36, 0x38, 0x35, 0x39, 0x39,
0x2c, 0x31, 0x34, 0x20, 0x4c, 0x34, 0x33, 0x2e, 0x36, 0x39, 0x38, 0x39, 0x31,
0x38, 0x36, 0x2c, 0x31, 0x34, 0x2e, 0x30, 0x37, 0x37, 0x34, 0x35, 0x33, 0x36,
0x20, 0x43, 0x34, 0x35, 0x2e, 0x31, 0x38, 0x36, 0x36, 0x39, 0x36, 0x38, 0x2c,
0x31, 0x34, 0x2e, 0x30, 0x38, 0x35, 0x30, 0x31, 0x33, 0x36, 0x20, 0x34, 0x36,
0x2e, 0x35, 0x39, 0x30, 0x31, 0x33, 0x32, 0x39, 0x2c, 0x31, 0x34, 0x2e, 0x37,
0x38, 0x32, 0x35, 0x31, 0x36, 0x32, 0x20, 0x34, 0x37, 0x2e, 0x35, 0x31, 0x31,
0x39, 0x34, 0x36, 0x39, 0x2c, 0x31, 0x35, 0x2e, 0x39, 0x37, 0x32, 0x35, 0x31,
0x34, 0x36, 0x20, 0x5a, 0x22, 0x20, 0x69, 0x64, 0x3d, 0x22, 0x50, 0x6f, 0x6c,
0x79, 0x67, 0x6f, 0x6e, 0x2d, 0x46, 0x6c, 0x61, 0x74, 0x22, 0x20, 0x66, 0x69,
0x6c, 0x6c, 0x3d, 0x22, 0x23, 0x46, 0x46, 0x46, 0x46, 0x46, 0x46, 0x22, 0x3e,
0x3c, 0x2f, 0x70, 0x61, 0x74, 0x68, 0x3e, 0x0a, 0x20, 0x20, 0x20, 0x20, 0x3c,
0x2f, 0x67, 0x3e, 0x0a, 0x3c, 0x2f, 0x73, 0x76, 0x67, 0x3e };
IconMask iconMask7(iconMask7Data);

const uchar iconMask17Data[] = {
0x53, 0x56, 0x47, 0x3a, 0x53, 0x49, 0x5a, 0x45, 0x3a, 0x00, 0x00, 0x00, 0x1a,
0x00, 0x00, 0x00, 0x1a, 0x3c, 0x3f, 0x78, 0x6d, 0x6c, 0x20, 0x76, 0x65, 0x72,
0x73, 0x69, 0x6f, 0x6e, 0x3d, 0x22, 0x31, 0x2e, 0x30, 0x22, 0x20, 0x65, 0x6e,
0x63, 0x6f, 0x64, 0x69, 0x6e, 0x67, 0x3d, 0x22, 0x55, 0x54, 0x46, 0x2d, 0x38,
0x22, 0x3f, 0x3e, 0x0a, 0x3c, 0x73, 0x76, 0x67, 0x20, 0x77, 0x69, 0x64, 0x74,
0x68, 0x3d, 0x22, 0x37, 0x32, 0x70, 0x78, 0x22, 0x20, 0x68, 0x65, 0x69, 0x67,
0x68, 0x74, 0x3d, 0x22, 0x37, 0x32, 0x70, 0x78, 0x22, 0x20, 0x76, 0x69, 0x65,
0x77, 0x42, 0x6f, 0x78, 0x3d, 0x22, 0x30, 0x20, 0x30, 0x20, 0x37, 0x32, 0x20,
0x37, 0x32, 0x22, 0x20, 0x76, 0x65, 0x72, 0x73, 0x69, 0x6f, 0x6e, 0x3d, 0x22,
0x31, 0x2e, 0x31, 0x22, 0x20, 0x78, 0x6d, 0x6c, 0x6e, 0x73, 0x3d, 0x22, 0x68,
0x74, 0x74, 0x70, 0x3a, 0x2f, 0x2f, 0x77, 0x77, 0x77, 0x2e, 0x77, 0x33, 0x2e,
0x6f, 0x72, 0x67, 0x2f, 0x32, 0x30, 0x30, 0x30, 0x2f, 0x73, 0x76, 0x67, 0x22,
0x20, 0x78, 0x6d, 0x6c, 0x6e, 0x73, 0x3a, 0x78, 0x6c, 0x69, 0x6e, 0x6b, 0x3d,
0x22, 0x68, 0x74, 0x74, 0x70, 0x3a, 0x2f, 0x2f, 0x77, 0x77, 0x77, 0x2e, 0x77,
0x33, 0x2e, 0x6f, 0x72, 0x67, 0x2f, 0x31, 0x39, 0x39, 0x39, 0x2f, 0x78, 0x6c,
0x69, 0x6e, 0x6b, 0x22, 0x3e, 0x0a, 0x20, 0x20, 0x20, 0x20, 0x3c, 0x74, 0x69,
0x74, 0x6c, 0x65, 0x3e, 0x42, 0x61, 0x64, 0x67, 0x65, 0x20, 0x2f, 0x20, 0x6c,
0x65, 0x76, 0x65, 0x6c, 0x38, 0x30, 0x5f, 0x69, 0x6e, 0x6e, 0x65, 0x72, 0x3c,
0x2f, 0x74, 0x69, 0x74, 0x6c, 0x65, 0x3e, 0x0a, 0x20, 0x20, 0x20, 0x20, 0x3c,
0x67, 0x20, 0x69, 0x64, 0x3d, 0x22, 0x42, 0x61, 0x64, 0x67, 0x65, 0x2d, 0x2f,
0x2d, 0x6c, 0x65, 0x76, 0x65, 0x6c, 0x38, 0x30, 0x5f, 0x69, 0x6e, 0x6e, 0x65,
0x72, 0x22, 0x20, 0x73, 0x74, 0x72, 0x6f, 0x6b, 0x65, 0x3d, 0x22, 0x6e, 0x6f,
0x6e, 0x65, 0x22, 0x20, 0x73, 0x74, 0x72, 0x6f, 0x6b, 0x65, 0x2d, 0x77, 0x69,
0x64, 0x74, 0x68, 0x3d, 0x22, 0x31, 0x22, 0x20, 0x66, 0x69, 0x6c, 0x6c, 0x3d,
0x22, 0x6e, 0x6f, 0x6e, 0x65, 0x22, 0x20, 0x66, 0x69, 0x6c, 0x6c, 0x2d, 0x72,
0x75, 0x6c, 0x65, 0x3d, 0x22, 0x65, 0x76, 0x65, 0x6e, 0x6f, 0x64, 0x64, 0x22,
0x3e, 0x0a, 0x20, 0x20, 0x20, 0x20, 0x20, 0x20, 0x20, 0x20, 0x3c, 0x70, 0x61,
0x74, 0x68, 0x20, 0x64, 0x3d, 0x22, 0x4d, 0x32, 0x35, 0x2e, 0x34, 0x30, 0x37,
0x35, 0x33, 0x31, 0x38, 0x2c, 0x35, 0x35, 0x2e, 0x30, 0x39, 0x38, 0x33, 0x30,
0x31, 0x35, 0x20, 0x4c, 0x32, 0x30, 0x2e, 0x36, 0x31, 0x38, 0x31, 0x37, 0x35,
0x33, 0x2c, 0x35, 0x34, 0x2e, 0x34, 0x38, 0x39, 0x31, 0x35, 0x32, 0x33, 0x20,
0x43, 0x31, 0x38, 0x2e, 0x31, 0x38, 0x37, 0x38, 0x31, 0x37, 0x39, 0x2c, 0x35,
0x34, 0x2e, 0x31, 0x38, 0x30, 0x30, 0x33, 0x39, 0x36, 0x20, 0x31, 0x36, 0x2e,
0x33, 0x33, 0x36, 0x37, 0x30, 0x36, 0x39, 0x2c, 0x35, 0x32, 0x2e, 0x31, 0x35,
0x39, 0x39, 0x30, 0x36, 0x35, 0x20, 0x31, 0x36, 0x2e, 0x32, 0x34, 0x30, 0x35,
0x39, 0x30, 0x32, 0x2c, 0x34, 0x39, 0x2e, 0x37, 0x31, 0x31, 0x38, 0x35, 0x36,
0x34, 0x20, 0x4c, 0x31, 0x36, 0x2e, 0x30, 0x35, 0x31, 0x31, 0x37, 0x38, 0x38,
0x2c, 0x34, 0x34, 0x2e, 0x38, 0x38, 0x37, 0x36, 0x33, 0x34, 0x20, 0x43, 0x31,
0x36, 0x2e, 0x30, 0x31, 0x30, 0x32, 0x31, 0x39, 0x36, 0x2c, 0x34, 0x33, 0x2e,
0x38, 0x34, 0x34, 0x34, 0x32, 0x20, 0x31, 0x35, 0x2e, 0x36, 0x34, 0x34, 0x36,
0x34, 0x33, 0x38, 0x2c, 0x34, 0x32, 0x2e, 0x38, 0x34, 0x30, 0x30, 0x30, 0x38,
0x39, 0x20, 0x31, 0x35, 0x2e, 0x30, 0x30, 0x35, 0x34, 0x35, 0x35, 0x34, 0x2c,
0x34, 0x32, 0x2e, 0x30, 0x31, 0x34, 0x35, 0x33, 0x32, 0x34, 0x20, 0x4c, 0x31,
0x32, 0x2e, 0x30, 0x34, 0x39, 0x36, 0x30, 0x32, 0x35, 0x2c, 0x33, 0x38, 0x2e,
0x31, 0x39, 0x37, 0x32, 0x31, 0x32, 0x34, 0x20, 0x43, 0x31, 0x30, 0x2e, 0x35,
0x34, 0x39, 0x36, 0x35, 0x35, 0x39, 0x2c, 0x33, 0x36, 0x2e, 0x32, 0x36, 0x30,
0x31, 0x31, 0x34, 0x35, 0x20, 0x31, 0x30, 0x2e, 0x36, 0x36, 0x39, 0x31, 0x37,
0x32, 0x36, 0x2c, 0x33, 0x33, 0x2e, 0x35, 0x32, 0x32, 0x37, 0x33, 0x31, 0x36,
0x20, 0x31, 0x32, 0x2e, 0x33, 0x33, 0x32, 0x32, 0x34, 0x30, 0x37, 0x2c, 0x33,
0x31, 0x2e, 0x37, 0x32, 0x33, 0x37, 0x33, 0x34, 0x20, 0x4c, 0x31, 0x35, 0x2e,
0x36, 0x30, 0x39, 0x35, 0x34, 0x37, 0x2c, 0x32, 0x38, 0x2e, 0x31, 0x37, 0x38,
0x35, 0x35, 0x39, 0x35, 0x20, 0x43, 0x31, 0x36, 0x2e, 0x33, 0x31, 0x38, 0x32,
0x34, 0x38, 0x31, 0x2c, 0x32, 0x37, 0x2e, 0x34, 0x31, 0x31, 0x39, 0x33, 0x33,
0x33, 0x20, 0x31, 0x36, 0x2e, 0x37, 0x36, 0x39, 0x39, 0x37, 0x33, 0x2c, 0x32,
0x36, 0x2e, 0x34, 0x34, 0x33, 0x32, 0x30, 0x36, 0x32, 0x20, 0x31, 0x36, 0x2e,
0x39, 0x30, 0x31, 0x36, 0x39, 0x38, 0x35, 0x2c, 0x32, 0x35, 0x2e, 0x34, 0x30,
0x37, 0x35, 0x33, 0x31, 0x38, 0x20, 0x4c, 0x31, 0x37, 0x2e, 0x35, 0x31, 0x30,
0x38, 0x34, 0x37, 0x37, 0x2c, 0x32, 0x30, 0x2e, 0x36, 0x31, 0x38, 0x31, 0x37,
0x35, 0x33, 0x20, 0x43, 0x31, 0x37, 0x2e, 0x38, 0x31, 0x39, 0x39, 0x36, 0x30,
0x34, 0x2c, 0x31, 0x38, 0x2e, 0x31, 0x38, 0x37, 0x38, 0x31, 0x37, 0x39, 0x20,
0x31, 0x39, 0x2e, 0x38, 0x34, 0x30, 0x30, 0x39, 0x33, 0x35, 0x2c, 0x31, 0x36,
0x2e, 0x33, 0x33, 0x36, 0x37, 0x30, 0x36, 0x39, 0x20, 0x32, 0x32, 0x2e, 0x32,
0x38, 0x38, 0x31, 0x34, 0x33, 0x36, 0x2c, 0x31, 0x36, 0x2e, 0x32, 0x34, 0x30,
0x35, 0x39, 0x30, 0x32, 0x20, 0x4c, 0x32, 0x37, 0x2e, 0x31, 0x31, 0x32, 0x33,
0x36, 0x36, 0x2c, 0x31, 0x36, 0x2e, 0x30, 0x35, 0x31, 0x31, 0x37, 0x38, 0x38,
0x20, 0x43, 0x32, 0x38, 0x2e, 0x31, 0x35, 0x35, 0x35, 0x38, 0x2c, 0x31, 0x36,
0x2e, 0x30, 0x31, 0x30, 0x32, 0x31, 0x39, 0x36, 0x20, 0x32, 0x39, 0x2e, 0x31,
0x35, 0x39, 0x39, 0x39, 0x31, 0x31, 0x2c, 0x31, 0x35, 0x2e, 0x36, 0x34, 0x34,
0x36, 0x34, 0x33, 0x38, 0x20, 0x32, 0x39, 0x2e, 0x39, 0x38, 0x35, 0x34, 0x36,
0x37, 0x36, 0x2c, 0x31, 0x35, 0x2e, 0x30, 0x30, 0x35, 0x34, 0x35, 0x35, 0x34,
0x20, 0x4c, 0x33, 0x33, 0x2e, 0x38, 0x30, 0x32, 0x37, 0x38, 0x37, 0x36, 0x2c,
0x31, 0x32, 0x2e, 0x30, 0x34, 0x39, 0x36, 0x30, 0x32, 0x35, 0x20, 0x43, 0x33,
0x35, 0x2e, 0x37, 0x33, 0x39, 0x38, 0x38, 0x35, 0x35, 0x2c, 0x31, 0x30, 0x2e,
0x35, 0x34, 0x39, 0x36, 0x35, 0x35, 0x39, 0x20, 0x33, 0x38, 0x2e, 0x34, 0x37,
0x37, 0x32, 0x36, 0x38, 0x34, 0x2c, 0x31, 0x30, 0x2e, 0x36, 0x36, 0x39, 0x31,
0x37, 0x32, 0x36, 0x20, 0x34, 0x30, 0x2e, 0x32, 0x37, 0x36, 0x32, 0x36, 0x36,
0x2c, 0x31, 0x32, 0x2e, 0x33, 0x33, 0x32, 0x32, 0x34, 0x30, 0x37, 0x20, 0x4c,
0x34, 0x33, 0x2e, 0x38, 0x32, 0x31, 0x34, 0x34, 0x30, 0x35, 0x2c, 0x31, 0x35,
0x2e, 0x36, 0x30, 0x39, 0x35, 0x34, 0x37, 0x20, 0x43, 0x34, 0x34, 0x2e, 0x35,
0x38, 0x38, 0x30, 0x36, 0x36, 0x37, 0x2c, 0x31, 0x36, 0x2e, 0x33, 0x31, 0x38,
0x32, 0x34, 0x38, 0x31, 0x20, 0x34, 0x35, 0x2e, 0x35, 0x35, 0x36, 0x37, 0x39,
0x33, 0x38, 0x2c, 0x31, 0x36, 0x2e, 0x37, 0x36, 0x39, 0x39, 0x37, 0x33, 0x20,
0x34, 0x36, 0x2e, 0x35, 0x39, 0x32, 0x34, 0x36, 0x38, 0x32, 0x2c, 0x31, 0x36,
0x2e, 0x39, 0x30, 0x31, 0x36, 0x39, 0x38, 0x35, 0x20, 0x4c, 0x35, 0x31, 0x2e,
0x33, 0x38, 0x31, 0x38, 0x32, 0x34, 0x37, 0x2c, 0x31, 0x37, 0x2e, 0x35, 0x31,
0x30, 0x38, 0x34, 0x37, 0x37, 0x20, 0x43, 0x35, 0x33, 0x2e, 0x38, 0x31, 0x32,
0x31, 0x38, 0x32, 0x31, 0x2c, 0x31, 0x37, 0x2e, 0x38, 0x31, 0x39, 0x39, 0x36,
0x30, 0x34, 0x20, 0x35, 0x35, 0x2e, 0x36, 0x36, 0x33, 0x32, 0x39, 0x33, 0x31,
0x2c, 0x31, 0x39, 0x2e, 0x38, 0x34, 0x30, 0x30, 0x39, 0x33, 0x35, 0x20, 0x35,
0x35, 0x2e, 0x37, 0x35, 0x39, 0x34, 0x30, 0x39, 0x38, 0x2c, 0x32, 0x32, 0x2e,
0x32, 0x38, 0x38, 0x31, 0x34, 0x33, 0x36, 0x20, 0x4c, 0x35, 0x35, 0x2e, 0x39,
0x34, 0x38, 0x38, 0x32, 0x31, 0x32, 0x2c, 0x32, 0x37, 0x2e, 0x31, 0x31, 0x32,
0x33, 0x36, 0x36, 0x20, 0x43, 0x35, 0x35, 0x2e, 0x39, 0x38, 0x39, 0x37, 0x38,
0x30, 0x34, 0x2c, 0x32, 0x38, 0x2e, 0x31, 0x35, 0x35, 0x35, 0x38, 0x20, 0x35,
0x36, 0x2e, 0x33, 0x35, 0x35, 0x33, 0x35, 0x36, 0x32, 0x2c, 0x32, 0x39, 0x2e,
0x31, 0x35, 0x39, 0x39, 0x39, 0x31, 0x31, 0x20, 0x35, 0x36, 0x2e, 0x39, 0x39,
0x34, 0x35, 0x34, 0x34, 0x36, 0x2c, 0x32, 0x39, 0x2e, 0x39, 0x38, 0x35, 0x34,
0x36, 0x37, 0x36, 0x20, 0x4c, 0x35, 0x39, 0x2e, 0x39, 0x35, 0x30, 0x33, 0x39,
0x37, 0x35, 0x2c, 0x33, 0x33, 0x2e, 0x38, 0x30, 0x32, 0x37, 0x38, 0x37, 0x36,
0x20, 0x43, 0x36, 0x31, 0x2e, 0x34, 0x35, 0x30, 0x33, 0x34, 0x34, 0x31, 0x2c,
0x33, 0x35, 0x2e, 0x37, 0x33, 0x39, 0x38, 0x38, 0x35, 0x35, 0x20, 0x36, 0x31,
0x2e, 0x33, 0x33, 0x30, 0x38, 0x32, 0x37, 0x34, 0x2c, 0x33, 0x38, 0x2e, 0x34,
0x37, 0x37, 0x32, 0x36, 0x38, 0x34, 0x20, 0x35, 0x39, 0x2e, 0x36, 0x36, 0x37,
0x37, 0x35, 0x39, 0x33, 0x2c, 0x34, 0x30, 0x2e, 0x32, 0x37, 0x36, 0x32, 0x36,
0x36, 0x20, 0x4c, 0x35, 0x36, 0x2e, 0x33, 0x39, 0x30, 0x34, 0x35, 0x33, 0x2c,
0x34, 0x33, 0x2e, 0x38, 0x32, 0x31, 0x34, 0x34, 0x30, 0x35, 0x20, 0x43, 0x35,
0x35, 0x2e, 0x36, 0x38, 0x31, 0x37, 0x35, 0x31, 0x39, 0x2c, 0x34, 0x34, 0x2e,
0x35, 0x38, 0x38, 0x30, 0x36, 0x36, 0x37, 0x20, 0x35, 0x35, 0x2e, 0x32, 0x33,
0x30, 0x30, 0x32, 0x37, 0x2c, 0x34, 0x35, 0x2e, 0x35, 0x35, 0x36, 0x37, 0x39,
0x33, 0x38, 0x20, 0x35, 0x35, 0x2e, 0x30, 0x39, 0x38, 0x33, 0x30, 0x31, 0x35,
0x2c, 0x34, 0x36, 0x2e, 0x35, 0x39, 0x32, 0x34, 0x36, 0x38, 0x32, 0x20, 0x4c,
0x35, 0x34, 0x2e, 0x34, 0x38, 0x39, 0x31, 0x35, 0x32, 0x33, 0x2c, 0x35, 0x31,
0x2e, 0x33, 0x38, 0x31, 0x38, 0x32, 0x34, 0x37, 0x20, 0x43, 0x35, 0x34, 0x2e,
0x31, 0x38, 0x30, 0x30, 0x33, 0x39, 0x36, 0x2c, 0x35, 0x33, 0x2e, 0x38, 0x31,
0x32, 0x31, 0x38, 0x32, 0x31, 0x20, 0x35, 0x32, 0x2e, 0x31, 0x35, 0x39, 0x39,
0x30, 0x36, 0x35, 0x2c, 0x35, 0x35, 0x2e, 0x36, 0x36, 0x33, 0x32, 0x39, 0x33,
0x31, 0x20, 0x34, 0x39, 0x2e, 0x37, 0x31, 0x31, 0x38, 0x35, 0x36, 0x34, 0x2c,
0x35, 0x35, 0x2e, 0x37, 0x35, 0x39, 0x34, 0x30, 0x39, 0x38, 0x20, 0x4c, 0x34,
0x34, 0x2e, 0x38, 0x38, 0x37, 0x36, 0x33, 0x34, 0x2c, 0x35, 0x35, 0x2e, 0x39,
0x34, 0x38, 0x38, 0x32, 0x31, 0x32, 0x20, 0x43, 0x34, 0x33, 0x2e, 0x38, 0x34,
0x34, 0x34, 0x32, 0x2c, 0x35, 0x35, 0x2e, 0x39, 0x38, 0x39, 0x37, 0x38, 0x30,
0x34, 0x20, 0x34, 0x32, 0x2e, 0x38, 0x34, 0x30, 0x30, 0x30, 0x38, 0x39, 0x2c,
0x35, 0x36, 0x2e, 0x33, 0x35, 0x35, 0x33, 0x35, 0x36, 0x32, 0x20, 0x34, 0x32,
0x2e, 0x30, 0x31, 0x34, 0x35, 0x33, 0x32, 0x34, 0x2c, 0x35, 0x36, 0x2e, 0x39,
0x39, 0x34, 0x35, 0x34, 0x34, 0x36, 0x20, 0x4c, 0x33, 0x38, 0x2e, 0x31, 0x39,
0x37, 0x32, 0x31, 0x32, 0x34, 0x2c, 0x35, 0x39, 0x2e, 0x39, 0x35, 0x30, 0x33,
0x39, 0x37, 0x35, 0x20, 0x43, 0x33, 0x36, 0x2e, 0x32, 0x36, 0x30, 0x31, 0x31,
0x34, 0x35, 0x2c, 0x36, 0x31, 0x2e, 0x34, 0x35, 0x30, 0x33, 0x34, 0x34, 0x31,
0x20, 0x33, 0x33, 0x2e, 0x35, 0x32, 0x32, 0x37, 0x33, 0x31, 0x36, 0x2c, 0x36,
0x31, 0x2e, 0x33, 0x33, 0x30, 0x38, 0x32, 0x37, 0x34, 0x20, 0x33, 0x31, 0x2e,
0x37, 0x32, 0x33, 0x37, 0x33, 0x34, 0x2c, 0x35, 0x39, 0x2e, 0x36, 0x36, 0x37,
0x37, 0x35, 0x39, 0x33, 0x20, 0x4c, 0x32, 0x38, 0x2e, 0x31, 0x37, 0x38, 0x35,
0x35, 0x39, 0x35, 0x2c, 0x35, 0x36, 0x2e, 0x33, 0x39, 0x30, 0x34, 0x35, 0x33,
0x20, 0x43, 0x32, 0x37, 0x2e, 0x34, 0x31, 0x31, 0x39, 0x33, 0x33, 0x33, 0x2c,
0x35, 0x35, 0x2e, 0x36, 0x38, 0x31, 0x37, 0x35, 0x31, 0x39, 0x20, 0x32, 0x36,
0x2e, 0x34, 0x34, 0x33, 0x32, 0x30, 0x36, 0x32, 0x2c, 0x35, 0x35, 0x2e, 0x32,
0x33, 0x30, 0x30, 0x32, 0x37, 0x20, 0x32, 0x35, 0x2e, 0x34, 0x30, 0x37, 0x35,
0x33, 0x31, 0x38, 0x2c, 0x35, 0x35, 0x2e, 0x30, 0x39, 0x38, 0x33, 0x30, 0x31,
0x35, 0x20, 0x5a, 0x22, 0x20, 0x69, 0x64, 0x3d, 0x22, 0x53, 0x74, 0x61, 0x72,
0x22, 0x20, 0x66, 0x69, 0x6c, 0x6c, 0x3d, 0x22, 0x23, 0x46, 0x46, 0x46, 0x46,
0x46, 0x46, 0x22, 0x3e, 0x3c, 0x2f, 0x70, 0x61, 0x74, 0x68, 0x3e, 0x0a, 0x20,
0x20, 0x20, 0x20, 0x3c, 0x2f, 0x67, 0x3e, 0x0a, 0x3c, 0x2f, 0x73, 0x76, 0x67,
0x3e };
IconMask iconMask17(iconMask17Data);

const uchar iconMask8Data[] = {
0x53, 0x56, 0x47, 0x3a, 0x53, 0x49, 0x5a, 0x45, 0x3a, 0x00, 0x00, 0x00, 0x1a,
0x00, 0x00, 0x00, 0x1a, 0x3c, 0x3f, 0x78, 0x6d, 0x6c, 0x20, 0x76, 0x65, 0x72,
0x73, 0x69, 0x6f, 0x6e, 0x3d, 0x22, 0x31, 0x2e, 0x30, 0x22, 0x20, 0x65, 0x6e,
0x63, 0x6f, 0x64, 0x69, 0x6e, 0x67, 0x3d, 0x22, 0x55, 0x54, 0x46, 0x2d, 0x38,
0x22, 0x3f, 0x3e, 0x0a, 0x3c, 0x73, 0x76, 0x67, 0x20, 0x77, 0x69, 0x64, 0x74,
0x68, 0x3d, 0x22, 0x37, 0x32, 0x70, 0x78, 0x22, 0x20, 0x68, 0x65, 0x69, 0x67,
0x68, 0x74, 0x3d, 0x22, 0x37, 0x32, 0x70, 0x78, 0x22, 0x20, 0x76, 0x69, 0x65,
0x77, 0x42, 0x6f, 0x78, 0x3d, 0x22, 0x30, 0x20, 0x30, 0x20, 0x37, 0x32, 0x20,
0x37, 0x32, 0x22, 0x20, 0x76, 0x65, 0x72, 0x73, 0x69, 0x6f, 0x6e, 0x3d, 0x22,
0x31, 0x2e, 0x31, 0x22, 0x20, 0x78, 0x6d, 0x6c, 0x6e, 0x73, 0x3d, 0x22, 0x68,
0x74, 0x74, 0x70, 0x3a, 0x2f, 0x2f, 0x77, 0x77, 0x77, 0x2e, 0x77, 0x33, 0x2e,
0x6f, 0x72, 0x67, 0x2f, 0x32, 0x30, 0x30, 0x30, 0x2f, 0x73, 0x76, 0x67, 0x22,
0x20, 0x78, 0x6d, 0x6c, 0x6e, 0x73, 0x3a, 0x78, 0x6c, 0x69, 0x6e, 0x6b, 0x3d,
0x22, 0x68, 0x74, 0x74, 0x70, 0x3a, 0x2f, 0x2f, 0x77, 0x77, 0x77, 0x2e, 0x77,
0x33, 0x2e, 0x6f, 0x72, 0x67, 0x2f, 0x31, 0x39, 0x39, 0x39, 0x2f, 0x78, 0x6c,
0x69, 0x6e, 0x6b, 0x22, 0x3e, 0x0a, 0x20, 0x20, 0x20, 0x20, 0x3c, 0x74, 0x69,
0x74, 0x6c, 0x65, 0x3e, 0x42, 0x61, 0x64, 0x67, 0x65, 0x20, 0x2f, 0x20, 0x6c,
0x65, 0x76, 0x65, 0x6c, 0x38, 0x5f, 0x69, 0x6e, 0x6e, 0x65, 0x72, 0x3c, 0x2f,
0x74, 0x69, 0x74, 0x6c, 0x65, 0x3e, 0x0a, 0x20, 0x20, 0x20, 0x20, 0x3c, 0x67,
0x20, 0x69, 0x64, 0x3d, 0x22, 0x42, 0x61, 0x64, 0x67, 0x65, 0x2d, 0x2f, 0x2d,
0x6c, 0x65, 0x76, 0x65, 0x6c, 0x38, 0x5f, 0x69, 0x6e, 0x6e, 0x65, 0x72, 0x22,
0x20, 0x73, 0x74, 0x72, 0x6f, 0x6b, 0x65, 0x3d, 0x22, 0x6e, 0x6f, 0x6e, 0x65,
0x22, 0x20, 0x73, 0x74, 0x72, 0x6f, 0x6b, 0x65, 0x2d, 0x77, 0x69, 0x64, 0x74,
0x68, 0x3d, 0x22, 0x31, 0x22, 0x20, 0x66, 0x69, 0x6c, 0x6c, 0x3d, 0x22, 0x6e,
0x6f, 0x6e, 0x65, 0x22, 0x20, 0x66, 0x69, 0x6c, 0x6c, 0x2d, 0x72, 0x75, 0x6c,
0x65, 0x3d, 0x22, 0x65, 0x76, 0x65, 0x6e, 0x6f, 0x64, 0x64, 0x22, 0x3e, 0x0a,
0x20, 0x20, 0x20, 0x20, 0x20, 0x20, 0x20, 0x20, 0x3c, 0x70, 0x61, 0x74, 0x68,
0x20, 0x64, 0x3d, 0x22, 0x4d, 0x32, 0x37, 0x2e, 0x39, 0x38, 0x35, 0x32, 0x38,
0x31, 0x34, 0x2c, 0x31, 0x35, 0x20, 0x4c, 0x34, 0x34, 0x2e, 0x30, 0x31, 0x34,
0x37, 0x31, 0x38, 0x36, 0x2c, 0x31, 0x35, 0x20, 0x43, 0x34, 0x35, 0x2e, 0x36,
0x30, 0x36, 0x30, 0x31, 0x37, 0x36, 0x2c, 0x31, 0x35, 0x20, 0x34, 0x37, 0x2e,
0x31, 0x33, 0x32, 0x31, 0x34, 0x31, 0x2c, 0x31, 0x35, 0x2e, 0x36, 0x33, 0x32,
0x31, 0x34, 0x31, 0x20, 0x34, 0x38, 0x2e, 0x32, 0x35, 0x37, 0x33, 0x35, 0x39,
0x33, 0x2c, 0x31, 0x36, 0x2e, 0x37, 0x35, 0x37, 0x33, 0x35, 0x39, 0x33, 0x20,
0x4c, 0x35, 0x35, 0x2e, 0x32, 0x34, 0x32, 0x36, 0x34, 0x30, 0x37, 0x2c, 0x32,
0x33, 0x2e, 0x37, 0x34, 0x32, 0x36, 0x34, 0x30, 0x37, 0x20, 0x43, 0x35, 0x36,
0x2e, 0x33, 0x36, 0x37, 0x38, 0x35, 0x39, 0x2c, 0x32, 0x34, 0x2e, 0x38, 0x36,
0x37, 0x38, 0x35, 0x39, 0x20, 0x35, 0x37, 0x2c, 0x32, 0x36, 0x2e, 0x33, 0x39,
0x33, 0x39, 0x38, 0x32, 0x34, 0x20, 0x35, 0x37, 0x2c, 0x32, 0x37, 0x2e, 0x39,
0x38, 0x35, 0x32, 0x38, 0x31, 0x34, 0x20, 0x4c, 0x35, 0x37, 0x2c, 0x34, 0x34,
0x2e, 0x30, 0x31, 0x34, 0x37, 0x31, 0x38, 0x36, 0x20, 0x43, 0x35, 0x37, 0x2c,
0x34, 0x35, 0x2e, 0x36, 0x30, 0x36, 0x30, 0x31, 0x37, 0x36, 0x20, 0x35, 0x36,
0x2e, 0x33, 0x36, 0x37, 0x38, 0x35, 0x39, 0x2c, 0x34, 0x37, 0x2e, 0x31, 0x33,
0x32, 0x31, 0x34, 0x31, 0x20, 0x35, 0x35, 0x2e, 0x32, 0x34, 0x32, 0x36, 0x34,
0x30, 0x37, 0x2c, 0x34, 0x38, 0x2e, 0x32, 0x35, 0x37, 0x33, 0x35, 0x39, 0x33,
0x20, 0x4c, 0x34, 0x38, 0x2e, 0x32, 0x35, 0x37, 0x33, 0x35, 0x39, 0x33, 0x2c,
0x35, 0x35, 0x2e, 0x32, 0x34, 0x32, 0x36, 0x34, 0x30, 0x37, 0x20, 0x43, 0x34,
0x37, 0x2e, 0x31, 0x33, 0x32, 0x31, 0x34, 0x31, 0x2c, 0x35, 0x36, 0x2e, 0x33,
0x36, 0x37, 0x38, 0x35, 0x39, 0x20, 0x34, 0x35, 0x2e, 0x36, 0x30, 0x36, 0x30,
0x31, 0x37, 0x36, 0x2c, 0x35, 0x37, 0x20, 0x34, 0x34, 0x2e, 0x30, 0x31, 0x34,
0x37, 0x31, 0x38, 0x36, 0x2c, 0x35, 0x37, 0x20, 0x4c, 0x32, 0x37, 0x2e, 0x39,
0x38, 0x35, 0x32, 0x38, 0x31, 0x34, 0x2c, 0x35, 0x37, 0x20, 0x43, 0x32, 0x36,
0x2e, 0x33, 0x39, 0x33, 0x39, 0x38, 0x32, 0x34, 0x2c, 0x35, 0x37, 0x20, 0x32,
0x34, 0x2e, 0x38, 0x36, 0x37, 0x38, 0x35, 0x39, 0x2c, 0x35, 0x36, 0x2e, 0x33,
0x36, 0x37, 0x38, 0x35, 0x39, 0x20, 0x32, 0x33, 0x2e, 0x37, 0x34, 0x32, 0x36,
0x34, 0x30, 0x37, 0x2c, 0x35, 0x35, 0x2e, 0x32, 0x34, 0x32, 0x36, 0x34, 0x30,
0x37, 0x20, 0x4c, 0x31, 0x36, 0x2e, 0x37, 0x35, 0x37, 0x33, 0x35, 0x39, 0x33,
0x2c, 0x34, 0x38, 0x2e, 0x32, 0x35, 0x37, 0x33, 0x35, 0x39, 0x33, 0x20, 0x43,
0x31, 0x35, 0x2e, 0x36, 0x33, 0x32, 0x31, 0x34, 0x31, 0x2c, 0x34, 0x37, 0x2e,
0x31, 0x33, 0x32, 0x31, 0x34, 0x31, 0x20, 0x31, 0x35, 0x2c, 0x34, 0x35, 0x2e,
0x36, 0x30, 0x36, 0x30, 0x31, 0x37, 0x36, 0x20, 0x31, 0x35, 0x2c, 0x34, 0x34,
0x2e, 0x30, 0x31, 0x34, 0x37, 0x31, 0x38, 0x36, 0x20, 0x4c, 0x31, 0x35, 0x2c,
0x32, 0x37, 0x2e, 0x39, 0x38, 0x35, 0x32, 0x38, 0x31, 0x34, 0x20, 0x43, 0x31,
0x35, 0x2c, 0x32, 0x36, 0x2e, 0x33, 0x39, 0x33, 0x39, 0x38, 0x32, 0x34, 0x20,
0x31, 0x35, 0x2e, 0x36, 0x33, 0x32, 0x31, 0x34, 0x31, 0x2c, 0x32, 0x34, 0x2e,
0x38, 0x36, 0x37, 0x38, 0x35, 0x39, 0x20, 0x31, 0x36, 0x2e, 0x37, 0x35, 0x37,
0x33, 0x35, 0x39, 0x33, 0x2c, 0x32, 0x33, 0x2e, 0x37, 0x34, 0x32, 0x36, 0x34,
0x30, 0x37, 0x20, 0x4c, 0x32, 0x33, 0x2e, 0x37, 0x34, 0x32, 0x36, 0x34, 0x30,
0x37, 0x2c, 0x31, 0x36, 0x2e, 0x37, 0x35, 0x37, 0x33, 0x35, 0x39, 0x33, 0x20,
0x43, 0x32, 0x34, 0x2e, 0x38, 0x36, 0x37, 0x38, 0x35, 0x39, 0x2c, 0x31, 0x35,
0x2e, 0x36, 0x33, 0x32, 0x31, 0x34, 0x31, 0x20, 0x32, 0x36, 0x2e, 0x33, 0x39,
0x33, 0x39, 0x38, 0x32, 0x34, 0x2c, 0x31, 0x35, 0x20, 0x32, 0x37, 0x2e, 0x39,
0x38, 0x35, 0x32, 0x38, 0x31, 0x34, 0x2c, 0x31, 0x35, 0x20, 0x5a, 0x22, 0x20,
0x69, 0x64, 0x3d, 0x22, 0x52, 0x65, 0x63, 0x74, 0x61, 0x6e, 0x67, 0x6c, 0x65,
0x22, 0x20, 0x66, 0x69, 0x6c, 0x6c, 0x3d, 0x22, 0x23, 0x46, 0x46, 0x46, 0x46,
0x46, 0x46, 0x22, 0x3e, 0x3c, 0x2f, 0x70, 0x61, 0x74, 0x68, 0x3e, 0x0a, 0x20,
0x20, 0x20, 0x20, 0x3c, 0x2f, 0x67, 0x3e, 0x0a, 0x3c, 0x2f, 0x73, 0x76, 0x67,
0x3e };
IconMask iconMask8(iconMask8Data);

const uchar iconMask18Data[] = {
0x53, 0x56, 0x47, 0x3a, 0x53, 0x49, 0x5a, 0x45, 0x3a, 0x00, 0x00, 0x00, 0x1a,
0x00, 0x00, 0x00, 0x1a, 0x3c, 0x3f, 0x78, 0x6d, 0x6c, 0x20, 0x76, 0x65, 0x72,
0x73, 0x69, 0x6f, 0x6e, 0x3d, 0x22, 0x31, 0x2e, 0x30, 0x22, 0x20, 0x65, 0x6e,
0x63, 0x6f, 0x64, 0x69, 0x6e, 0x67, 0x3d, 0x22, 0x55, 0x54, 0x46, 0x2d, 0x38,
0x22, 0x3f, 0x3e, 0x0a, 0x3c, 0x73, 0x76, 0x67, 0x20, 0x77, 0x69, 0x64, 0x74,
0x68, 0x3d, 0x22, 0x37, 0x32, 0x70, 0x78, 0x22, 0x20, 0x68, 0x65, 0x69, 0x67,
0x68, 0x74, 0x3d, 0x22, 0x37, 0x32, 0x70, 0x78, 0x22, 0x20, 0x76, 0x69, 0x65,
0x77, 0x42, 0x6f, 0x78, 0x3d, 0x22, 0x30, 0x20, 0x30, 0x20, 0x37, 0x32, 0x20,
0x37, 0x32, 0x22, 0x20, 0x76, 0x65, 0x72, 0x73, 0x69, 0x6f, 0x6e, 0x3d, 0x22,
0x31, 0x2e, 0x31, 0x22, 0x20, 0x78, 0x6d, 0x6c, 0x6e, 0x73, 0x3d, 0x22, 0x68,
0x74, 0x74, 0x70, 0x3a, 0x2f, 0x2f, 0x77, 0x77, 0x77, 0x2e, 0x77, 0x33, 0x2e,
0x6f, 0x72, 0x67, 0x2f, 0x32, 0x30, 0x30, 0x30, 0x2f, 0x73, 0x76, 0x67, 0x22,
0x20, 0x78, 0x6d, 0x6c, 0x6e, 0x73, 0x3a, 0x78, 0x6c, 0x69, 0x6e, 0x6b, 0x3d,
0x22, 0x68, 0x74, 0x74, 0x70, 0x3a, 0x2f, 0x2f, 0x77, 0x77, 0x77, 0x2e, 0x77,
0x33, 0x2e, 0x6f, 0x72, 0x67, 0x2f, 0x31, 0x39, 0x39, 0x39, 0x2f, 0x78, 0x6c,
0x69, 0x6e, 0x6b, 0x22, 0x3e, 0x0a, 0x20, 0x20, 0x20, 0x20, 0x3c, 0x74, 0x69,
0x74, 0x6c, 0x65, 0x3e, 0x42, 0x61, 0x64, 0x67, 0x65, 0x20, 0x2f, 0x20, 0x6c,
0x65, 0x76, 0x65, 0x6c, 0x39, 0x30, 0x5f, 0x69, 0x6e, 0x6e, 0x65, 0x72, 0x3c,
0x2f, 0x74, 0x69, 0x74, 0x6c, 0x65, 0x3e, 0x0a, 0x20, 0x20, 0x20, 0x20, 0x3c,
0x67, 0x20, 0x69, 0x64, 0x3d, 0x22, 0x42, 0x61, 0x64, 0x67, 0x65, 0x2d, 0x2f,
0x2d, 0x6c, 0x65, 0x76, 0x65, 0x6c, 0x39, 0x30, 0x5f, 0x69, 0x6e, 0x6e, 0x65,
0x72, 0x22, 0x20, 0x73, 0x74, 0x72, 0x6f, 0x6b, 0x65, 0x3d, 0x22, 0x6e, 0x6f,
0x6e, 0x65, 0x22, 0x20, 0x73, 0x74, 0x72, 0x6f, 0x6b, 0x65, 0x2d, 0x77, 0x69,
0x64, 0x74, 0x68, 0x3d, 0x22, 0x31, 0x22, 0x20, 0x66, 0x69, 0x6c, 0x6c, 0x3d,
0x22, 0x6e, 0x6f, 0x6e, 0x65, 0x22, 0x20, 0x66, 0x69, 0x6c, 0x6c, 0x2d, 0x72,
0x75, 0x6c, 0x65, 0x3d, 0x22, 0x65, 0x76, 0x65, 0x6e, 0x6f, 0x64, 0x64, 0x22,
0x3e, 0x0a, 0x20, 0x20, 0x20, 0x20, 0x20, 0x20, 0x20, 0x20, 0x3c, 0x70, 0x61,
0x74, 0x68, 0x20, 0x64, 0x3d, 0x22, 0x4d, 0x31, 0x35, 0x2e, 0x38, 0x37, 0x33,
0x33, 0x35, 0x33, 0x36, 0x2c, 0x34, 0x35, 0x2e, 0x35, 0x38, 0x37, 0x36, 0x36,
0x36, 0x33, 0x20, 0x4c, 0x31, 0x33, 0x2e, 0x35, 0x33, 0x37, 0x34, 0x37, 0x38,
0x38, 0x2c, 0x32, 0x36, 0x2e, 0x34, 0x37, 0x36, 0x37, 0x33, 0x30, 0x38, 0x20,
0x43, 0x31, 0x33, 0x2e, 0x32, 0x37, 0x33, 0x39, 0x32, 0x33, 0x31, 0x2c, 0x32,
0x34, 0x2e, 0x33, 0x32, 0x30, 0x34, 0x35, 0x32, 0x33, 0x20, 0x31, 0x34, 0x2e,
0x34, 0x31, 0x39, 0x33, 0x35, 0x32, 0x34, 0x2c, 0x32, 0x32, 0x2e, 0x32, 0x33,
0x38, 0x33, 0x36, 0x37, 0x35, 0x20, 0x31, 0x36, 0x2e, 0x33, 0x37, 0x35, 0x36,
0x33, 0x38, 0x36, 0x2c, 0x32, 0x31, 0x2e, 0x33, 0x31, 0x37, 0x37, 0x31, 0x34,
0x31, 0x20, 0x4c, 0x33, 0x34, 0x2e, 0x33, 0x30, 0x38, 0x32, 0x34, 0x39, 0x35,
0x2c, 0x31, 0x32, 0x2e, 0x38, 0x37, 0x38, 0x33, 0x39, 0x36, 0x35, 0x20, 0x43,
0x33, 0x35, 0x2e, 0x33, 0x38, 0x30, 0x33, 0x31, 0x36, 0x39, 0x2c, 0x31, 0x32,
0x2e, 0x33, 0x37, 0x33, 0x38, 0x36, 0x37, 0x38, 0x20, 0x33, 0x36, 0x2e, 0x36,
0x31, 0x39, 0x36, 0x38, 0x33, 0x31, 0x2c, 0x31, 0x32, 0x2e, 0x33, 0x37, 0x33,
0x38, 0x36, 0x37, 0x38, 0x20, 0x33, 0x37, 0x2e, 0x36, 0x39, 0x31, 0x37, 0x35,
0x30, 0x35, 0x2c, 0x31, 0x32, 0x2e, 0x38, 0x37, 0x38, 0x33, 0x39, 0x36, 0x35,
0x20, 0x4c, 0x35, 0x35, 0x2e, 0x36, 0x32, 0x34, 0x33, 0x36, 0x31, 0x34, 0x2c,
0x32, 0x31, 0x2e, 0x33, 0x31, 0x37, 0x37, 0x31, 0x34, 0x31, 0x20, 0x43, 0x35,
0x37, 0x2e, 0x35, 0x38, 0x30, 0x36, 0x34, 0x37, 0x36, 0x2c, 0x32, 0x32, 0x2e,
0x32, 0x33, 0x38, 0x33, 0x36, 0x37, 0x35, 0x20, 0x35, 0x38, 0x2e, 0x37, 0x32,
0x36, 0x30, 0x37, 0x36, 0x39, 0x2c, 0x32, 0x34, 0x2e, 0x33, 0x32, 0x30, 0x34,
0x35, 0x32, 0x33, 0x20, 0x35, 0x38, 0x2e, 0x34, 0x36, 0x32, 0x35, 0x32, 0x31,
0x32, 0x2c, 0x32, 0x36, 0x2e, 0x34, 0x37, 0x36, 0x37, 0x33, 0x30, 0x38, 0x20,
0x4c, 0x35, 0x36, 0x2e, 0x31, 0x32, 0x36, 0x36, 0x34, 0x36, 0x34, 0x2c, 0x34,
0x35, 0x2e, 0x35, 0x38, 0x37, 0x36, 0x36, 0x36, 0x33, 0x20, 0x43, 0x35, 0x35,
0x2e, 0x39, 0x36, 0x31, 0x35, 0x32, 0x38, 0x34, 0x2c, 0x34, 0x36, 0x2e, 0x39,
0x33, 0x38, 0x35, 0x37, 0x37, 0x32, 0x20, 0x35, 0x35, 0x2e, 0x32, 0x35, 0x38,
0x30, 0x39, 0x36, 0x35, 0x2c, 0x34, 0x38, 0x2e, 0x31, 0x36, 0x34, 0x31, 0x32,
0x34, 0x35, 0x20, 0x35, 0x34, 0x2e, 0x31, 0x37, 0x37, 0x35, 0x37, 0x34, 0x35,
0x2c, 0x34, 0x38, 0x2e, 0x39, 0x38, 0x33, 0x34, 0x31, 0x37, 0x35, 0x20, 0x4c,
0x33, 0x39, 0x2e, 0x30, 0x30, 0x33, 0x37, 0x37, 0x36, 0x2c, 0x36, 0x30, 0x2e,
0x34, 0x38, 0x38, 0x37, 0x37, 0x30, 0x37, 0x20, 0x43, 0x33, 0x37, 0x2e, 0x32,
0x32, 0x35, 0x35, 0x36, 0x37, 0x32, 0x2c, 0x36, 0x31, 0x2e, 0x38, 0x33, 0x37,
0x30, 0x37, 0x36, 0x34, 0x20, 0x33, 0x34, 0x2e, 0x37, 0x37, 0x34, 0x34, 0x33,
0x32, 0x38, 0x2c, 0x36, 0x31, 0x2e, 0x38, 0x33, 0x37, 0x30, 0x37, 0x36, 0x34,
0x20, 0x33, 0x32, 0x2e, 0x39, 0x39, 0x36, 0x32, 0x32, 0x34, 0x2c, 0x36, 0x30,
0x2e, 0x34, 0x38, 0x38, 0x37, 0x37, 0x30, 0x37, 0x20, 0x4c, 0x31, 0x37, 0x2e,
0x38, 0x32, 0x32, 0x34, 0x32, 0x35, 0x35, 0x2c, 0x34, 0x38, 0x2e, 0x39, 0x38,
0x33, 0x34, 0x31, 0x37, 0x35, 0x20, 0x43, 0x31, 0x36, 0x2e, 0x37, 0x34, 0x31,
0x39, 0x30, 0x33, 0x35, 0x2c, 0x34, 0x38, 0x2e, 0x31, 0x36, 0x34, 0x31, 0x32,
0x34, 0x35, 0x20, 0x31, 0x36, 0x2e, 0x30, 0x33, 0x38, 0x34, 0x37, 0x31, 0x36,
0x2c, 0x34, 0x36, 0x2e, 0x39, 0x33, 0x38, 0x35, 0x37, 0x37, 0x32, 0x20, 0x31,
0x35, 0x2e, 0x38, 0x37, 0x33, 0x33, 0x35, 0x33, 0x36, 0x2c, 0x34, 0x35, 0x2e,
0x35, 0x38, 0x37, 0x36, 0x36, 0x36, 0x33, 0x20, 0x5a, 0x22, 0x20, 0x69, 0x64,
0x3d, 0x22, 0x44, 0x69, 0x61, 0x6d, 0x6f, 0x6e, 0x64, 0x2d, 0x46, 0x6c, 0x61,
0x74, 0x22, 0x20, 0x66, 0x69, 0x6c, 0x6c, 0x3d, 0x22, 0x23, 0x46, 0x46, 0x46,
0x46, 0x46, 0x46, 0x22, 0x3e, 0x3c, 0x2f, 0x70, 0x61, 0x74, 0x68, 0x3e, 0x0a,
0x20, 0x20, 0x20, 0x20, 0x3c, 0x2f, 0x67, 0x3e, 0x0a, 0x3c, 0x2f, 0x73, 0x76,
0x67, 0x3e };
IconMask iconMask18(iconMask18Data);

const uchar iconMask9Data[] = {
0x53, 0x56, 0x47, 0x3a, 0x53, 0x49, 0x5a, 0x45, 0x3a, 0x00, 0x00, 0x00, 0x1a,
0x00, 0x00, 0x00, 0x1a, 0x3c, 0x3f, 0x78, 0x6d, 0x6c, 0x20, 0x76, 0x65, 0x72,
0x73, 0x69, 0x6f, 0x6e, 0x3d, 0x22, 0x31, 0x2e, 0x30, 0x22, 0x20, 0x65, 0x6e,
0x63, 0x6f, 0x64, 0x69, 0x6e, 0x67, 0x3d, 0x22, 0x55, 0x54, 0x46, 0x2d, 0x38,
0x22, 0x3f, 0x3e, 0x0a, 0x3c, 0x73, 0x76, 0x67, 0x20, 0x77, 0x69, 0x64, 0x74,
0x68, 0x3d, 0x22, 0x37, 0x32, 0x70, 0x78, 0x22, 0x20, 0x68, 0x65, 0x69, 0x67,
0x68, 0x74, 0x3d, 0x22, 0x37, 0x32, 0x70, 0x78, 0x22, 0x20, 0x76, 0x69, 0x65,
0x77, 0x42, 0x6f, 0x78, 0x3d, 0x22, 0x30, 0x20, 0x30, 0x20, 0x37, 0x32, 0x20,
0x37, 0x32, 0x22, 0x20, 0x76, 0x65, 0x72, 0x73, 0x69, 0x6f, 0x6e, 0x3d, 0x22,
0x31, 0x2e, 0x31, 0x22, 0x20, 0x78, 0x6d, 0x6c, 0x6e, 0x73, 0x3d, 0x22, 0x68,
0x74, 0x74, 0x70, 0x3a, 0x2f, 0x2f, 0x77, 0x77, 0x77, 0x2e, 0x77, 0x33, 0x2e,
0x6f, 0x72, 0x67, 0x2f, 0x32, 0x30, 0x30, 0x30, 0x2f, 0x73, 0x76, 0x67, 0x22,
0x20, 0x78, 0x6d, 0x6c, 0x6e, 0x73, 0x3a, 0x78, 0x6c, 0x69, 0x6e, 0x6b, 0x3d,
0x22, 0x68, 0x74, 0x74, 0x70, 0x3a, 0x2f, 0x2f, 0x77, 0x77, 0x77, 0x2e, 0x77,
0x33, 0x2e, 0x6f, 0x72, 0x67, 0x2f, 0x31, 0x39, 0x39, 0x39, 0x2f, 0x78, 0x6c,
0x69, 0x6e, 0x6b, 0x22, 0x3e, 0x0a, 0x20, 0x20, 0x20, 0x20, 0x3c, 0x74, 0x69,
0x74, 0x6c, 0x65, 0x3e, 0x42, 0x61, 0x64, 0x67, 0x65, 0x20, 0x2f, 0x20, 0x6c,
0x65, 0x76, 0x65, 0x6c, 0x39, 0x5f, 0x69, 0x6e, 0x6e, 0x65, 0x72, 0x3c, 0x2f,
0x74, 0x69, 0x74, 0x6c, 0x65, 0x3e, 0x0a, 0x20, 0x20, 0x20, 0x20, 0x3c, 0x67,
0x20, 0x69, 0x64, 0x3d, 0x22, 0x42, 0x61, 0x64, 0x67, 0x65, 0x2d, 0x2f, 0x2d,
0x6c, 0x65, 0x76, 0x65, 0x6c, 0x39, 0x5f, 0x69, 0x6e, 0x6e, 0x65, 0x72, 0x22,
0x20, 0x73, 0x74, 0x72, 0x6f, 0x6b, 0x65, 0x3d, 0x22, 0x6e, 0x6f, 0x6e, 0x65,
0x22, 0x20, 0x73, 0x74, 0x72, 0x6f, 0x6b, 0x65, 0x2d, 0x77, 0x69, 0x64, 0x74,
0x68, 0x3d, 0x22, 0x31, 0x22, 0x20, 0x66, 0x69, 0x6c, 0x6c, 0x3d, 0x22, 0x6e,
0x6f, 0x6e, 0x65, 0x22, 0x20, 0x66, 0x69, 0x6c, 0x6c, 0x2d, 0x72, 0x75, 0x6c,
0x65, 0x3d, 0x22, 0x65, 0x76, 0x65, 0x6e, 0x6f, 0x64, 0x64, 0x22, 0x3e, 0x0a,
0x20, 0x20, 0x20, 0x20, 0x20, 0x20, 0x20, 0x20, 0x3c, 0x63, 0x69, 0x72, 0x63,
0x6c, 0x65, 0x20, 0x69, 0x64, 0x3d, 0x22, 0x4f, 0x76, 0x61, 0x6c, 0x22, 0x20,
0x66, 0x69, 0x6c, 0x6c, 0x3d, 0x22, 0x23, 0x46, 0x46, 0x46, 0x46, 0x46, 0x46,
0x22, 0x20, 0x63, 0x78, 0x3d, 0x22, 0x33, 0x36, 0x22, 0x20, 0x63, 0x79, 0x3d,
0x22, 0x33, 0x36, 0x22, 0x20, 0x72, 0x3d, 0x22, 0x32, 0x31, 0x22, 0x3e, 0x3c,
0x2f, 0x63, 0x69, 0x72, 0x63, 0x6c, 0x65, 0x3e, 0x0a, 0x20, 0x20, 0x20, 0x20,
0x3c, 0x2f, 0x67, 0x3e, 0x0a, 0x3c, 0x2f, 0x73, 0x76, 0x67, 0x3e };
IconMask iconMask9(iconMask9Data);

const uchar iconMask19Data[] = {
0x53, 0x56, 0x47, 0x3a, 0x53, 0x49, 0x5a, 0x45, 0x3a, 0x00, 0x00, 0x00, 0x12,
0x00, 0x00, 0x00, 0x12, 0x3c, 0x3f, 0x78, 0x6d, 0x6c, 0x20, 0x76, 0x65, 0x72,
0x73, 0x69, 0x6f, 0x6e, 0x3d, 0x22, 0x31, 0x2e, 0x30, 0x22, 0x20, 0x65, 0x6e,
0x63, 0x6f, 0x64, 0x69, 0x6e, 0x67, 0x3d, 0x22, 0x55, 0x54, 0x46, 0x2d, 0x38,
0x22, 0x3f, 0x3e, 0x0a, 0x3c, 0x73, 0x76, 0x67, 0x20, 0x77, 0x69, 0x64, 0x74,
0x68, 0x3d, 0x22, 0x32, 0x34, 0x70, 0x78, 0x22, 0x20, 0x68, 0x65, 0x69, 0x67,
0x68, 0x74, 0x3d, 0x22, 0x32, 0x34, 0x70, 0x78, 0x22, 0x20, 0x76, 0x69, 0x65,
0x77, 0x42, 0x6f, 0x78, 0x3d, 0x22, 0x30, 0x20, 0x30, 0x20, 0x32, 0x34, 0x20,
0x32, 0x34, 0x22, 0x20, 0x76, 0x65, 0x72, 0x73, 0x69, 0x6f, 0x6e, 0x3d, 0x22,
0x31, 0x2e, 0x31, 0x22, 0x20, 0x78, 0x6d, 0x6c, 0x6e, 0x73, 0x3d, 0x22, 0x68,
0x74, 0x74, 0x70, 0x3a, 0x2f, 0x2f, 0x77, 0x77, 0x77, 0x2e, 0x77, 0x33, 0x2e,
0x6f, 0x72, 0x67, 0x2f, 0x32, 0x30, 0x30, 0x30, 0x2f, 0x73, 0x76, 0x67, 0x22,
0x20, 0x78, 0x6d, 0x6c, 0x6e, 0x73, 0x3a, 0x78, 0x6c, 0x69, 0x6e, 0x6b, 0x3d,
0x22, 0x68, 0x74, 0x74, 0x70, 0x3a, 0x2f, 0x2f, 0x77, 0x77, 0x77, 0x2e, 0x77,
0x33, 0x2e, 0x6f, 0x72, 0x67, 0x2f, 0x31, 0x39, 0x39, 0x39, 0x2f, 0x78, 0x6c,
0x69, 0x6e, 0x6b, 0x22, 0x3e, 0x0a, 0x20, 0x20, 0x20, 0x20, 0x3c, 0x74, 0x69,
0x74, 0x6c, 0x65, 0x3e, 0x49, 0x63, 0x6f, 0x6e, 0x20, 0x2f, 0x20, 0x46, 0x69,
0x6c, 0x6c, 0x65, 0x64, 0x20, 0x2f, 0x20, 0x46, 0x6f, 0x6c, 0x64, 0x65, 0x72,
0x20, 0x2f, 0x20, 0x66, 0x69, 0x6c, 0x6c, 0x65, 0x64, 0x5f, 0x77, 0x61, 0x72,
0x6e, 0x69, 0x6e, 0x67, 0x3c, 0x2f, 0x74, 0x69, 0x74, 0x6c, 0x65, 0x3e, 0x0a,
0x20, 0x20, 0x20, 0x20, 0x3c, 0x67, 0x20, 0x69, 0x64, 0x3d, 0x22, 0x49, 0x63,
0x6f, 0x6e, 0x2d, 0x2f, 0x2d, 0x46, 0x69, 0x6c, 0x6c, 0x65, 0x64, 0x2d, 0x2f,
0x2d, 0x46, 0x6f, 0x6c, 0x64, 0x65, 0x72, 0x2d, 0x2f, 0x2d, 0x66, 0x69, 0x6c,
0x6c, 0x65, 0x64, 0x5f, 0x77, 0x61, 0x72, 0x6e, 0x69, 0x6e, 0x67, 0x22, 0x20,
0x73, 0x74, 0x72, 0x6f, 0x6b, 0x65, 0x3d, 0x22, 0x6e, 0x6f, 0x6e, 0x65, 0x22,
0x20, 0x73, 0x74, 0x72, 0x6f, 0x6b, 0x65, 0x2d, 0x77, 0x69, 0x64, 0x74, 0x68,
0x3d, 0x22, 0x31, 0x22, 0x20, 0x66, 0x69, 0x6c, 0x6c, 0x3d, 0x22, 0x6e, 0x6f,
0x6e, 0x65, 0x22, 0x20, 0x66, 0x69, 0x6c, 0x6c, 0x2d, 0x72, 0x75, 0x6c, 0x65,
0x3d, 0x22, 0x65, 0x76, 0x65, 0x6e, 0x6f, 0x64, 0x64, 0x22, 0x3e, 0x0a, 0x20,
0x20, 0x20, 0x20, 0x20, 0x20, 0x20, 0x20, 0x3c, 0x70, 0x61, 0x74, 0x68, 0x20,
0x64, 0x3d, 0x22, 0x4d, 0x34, 0x2e, 0x38, 0x38, 0x39, 0x37, 0x39, 0x35, 0x33,
0x33, 0x2c, 0x32, 0x30, 0x20, 0x4c, 0x31, 0x39, 0x2e, 0x31, 0x31, 0x30, 0x32,
0x30, 0x34, 0x37, 0x2c, 0x32, 0x30, 0x20, 0x43, 0x32, 0x30, 0x2e, 0x35, 0x36,
0x34, 0x33, 0x35, 0x30, 0x31, 0x2c, 0x32, 0x30, 0x20, 0x32, 0x31, 0x2e, 0x34,
0x37, 0x30, 0x38, 0x33, 0x30, 0x34, 0x2c, 0x31, 0x38, 0x2e, 0x34, 0x32, 0x38,
0x39, 0x32, 0x38, 0x34, 0x20, 0x32, 0x30, 0x2e, 0x37, 0x34, 0x33, 0x37, 0x35,
0x37, 0x37, 0x2c, 0x31, 0x37, 0x2e, 0x31, 0x37, 0x37, 0x37, 0x31, 0x35, 0x37,
0x20, 0x4c, 0x31, 0x33, 0x2e, 0x36, 0x33, 0x33, 0x35, 0x35, 0x33, 0x2c, 0x34,
0x2e, 0x39, 0x33, 0x38, 0x34, 0x30, 0x39, 0x35, 0x33, 0x20, 0x43, 0x31, 0x32,
0x2e, 0x39, 0x30, 0x36, 0x34, 0x38, 0x30, 0x33, 0x2c, 0x33, 0x2e, 0x36, 0x38,
0x37, 0x31, 0x39, 0x36, 0x38, 0x32, 0x20, 0x31, 0x31, 0x2e, 0x30, 0x39, 0x33,
0x35, 0x31, 0x39, 0x37, 0x2c, 0x33, 0x2e, 0x36, 0x38, 0x37, 0x31, 0x39, 0x36,
0x38, 0x32, 0x20, 0x31, 0x30, 0x2e, 0x33, 0x36, 0x36, 0x34, 0x34, 0x37, 0x2c,
0x34, 0x2e, 0x39, 0x33, 0x38, 0x34, 0x30, 0x39, 0x35, 0x33, 0x20, 0x4c, 0x33,
0x2e, 0x32, 0x35, 0x36, 0x32, 0x34, 0x32, 0x33, 0x34, 0x2c, 0x31, 0x37, 0x2e,
0x31, 0x37, 0x37, 0x37, 0x31, 0x35, 0x37, 0x20, 0x43, 0x32, 0x2e, 0x35, 0x32,
0x39, 0x31, 0x36, 0x39, 0x36, 0x31, 0x2c, 0x31, 0x38, 0x2e, 0x34, 0x32, 0x38,
0x39, 0x32, 0x38, 0x34, 0x20, 0x33, 0x2e, 0x34, 0x33, 0x35, 0x36, 0x34, 0x39,
0x38, 0x39, 0x2c, 0x32, 0x30, 0x20, 0x34, 0x2e, 0x38, 0x38, 0x39, 0x37, 0x39,
0x35, 0x33, 0x33, 0x2c, 0x32, 0x30, 0x20, 0x5a, 0x20, 0x4d, 0x31, 0x32, 0x2c,
0x39, 0x2e, 0x35, 0x31, 0x37, 0x32, 0x34, 0x31, 0x33, 0x38, 0x20, 0x43, 0x31,
0x32, 0x2e, 0x34, 0x36, 0x35, 0x39, 0x39, 0x30, 0x33, 0x2c, 0x39, 0x2e, 0x35,
0x31, 0x37, 0x32, 0x34, 0x31, 0x33, 0x38, 0x20, 0x31, 0x32, 0x2e, 0x38, 0x34,
0x33, 0x37, 0x35, 0x2c, 0x39, 0x2e, 0x38, 0x39, 0x35, 0x30, 0x30, 0x31, 0x31,
0x32, 0x20, 0x31, 0x32, 0x2e, 0x38, 0x34, 0x33, 0x37, 0x35, 0x2c, 0x31, 0x30,
0x2e, 0x33, 0x36, 0x30, 0x39, 0x39, 0x31, 0x34, 0x20, 0x4c, 0x31, 0x32, 0x2e,
0x38, 0x34, 0x33, 0x37, 0x35, 0x2c, 0x31, 0x33, 0x2e, 0x33, 0x36, 0x33, 0x31,
0x34, 0x36, 0x36, 0x20, 0x43, 0x31, 0x32, 0x2e, 0x38, 0x34, 0x33, 0x37, 0x35,
0x2c, 0x31, 0x33, 0x2e, 0x38, 0x32, 0x39, 0x31, 0x33, 0x36, 0x38, 0x20, 0x31,
0x32, 0x2e, 0x34, 0x36, 0x35, 0x39, 0x39, 0x30, 0x33, 0x2c, 0x31, 0x34, 0x2e,
0x32, 0x30, 0x36, 0x38, 0x39, 0x36, 0x36, 0x20, 0x31, 0x32, 0x2c, 0x31, 0x34,
0x2e, 0x32, 0x30, 0x36, 0x38, 0x39, 0x36, 0x36, 0x20, 0x43, 0x31, 0x31, 0x2e,
0x35, 0x33, 0x34, 0x30, 0x30, 0x39, 0x37, 0x2c, 0x31, 0x34, 0x2e, 0x32, 0x30,
0x36, 0x38, 0x39, 0x36, 0x36, 0x20, 0x31, 0x31, 0x2e, 0x31, 0x35, 0x36, 0x32,
0x35, 0x2c, 0x31, 0x33, 0x2e, 0x38, 0x32, 0x39, 0x31, 0x33, 0x36, 0x38, 0x20,
0x31, 0x31, 0x2e, 0x31, 0x35, 0x36, 0x32, 0x35, 0x2c, 0x31, 0x33, 0x2e, 0x33,
0x36, 0x33, 0x31, 0x34, 0x36, 0x36, 0x20, 0x4c, 0x31, 0x31, 0x2e, 0x31, 0x35,
0x36, 0x32, 0x35, 0x2c, 0x31, 0x30, 0x2e, 0x33, 0x36, 0x30, 0x39, 0x39, 0x31,
0x34, 0x20, 0x43, 0x31, 0x31, 0x2e, 0x31, 0x35, 0x36, 0x32, 0x35, 0x2c, 0x39,
0x2e, 0x38, 0x39, 0x35, 0x30, 0x30, 0x31, 0x31, 0x32, 0x20, 0x31, 0x31, 0x2e,
0x35, 0x33, 0x34, 0x30, 0x30, 0x39, 0x37, 0x2c, 0x39, 0x2e, 0x35, 0x31, 0x37,
0x32, 0x34, 0x31, 0x33, 0x38, 0x20, 0x31, 0x32, 0x2c, 0x39, 0x2e, 0x35, 0x31,
0x37, 0x32, 0x34, 0x31, 0x33, 0x38, 0x20, 0x5a, 0x20, 0x4d, 0x31, 0x32, 0x2e,
0x30, 0x31, 0x38, 0x33, 0x31, 0x39, 0x2c, 0x31, 0x37, 0x2e, 0x31, 0x38, 0x36,
0x32, 0x30, 0x36, 0x39, 0x20, 0x4c, 0x31, 0x31, 0x2e, 0x39, 0x38, 0x31, 0x36,
0x38, 0x31, 0x2c, 0x31, 0x37, 0x2e, 0x31, 0x38, 0x36, 0x32, 0x30, 0x36, 0x39,
0x20, 0x43, 0x31, 0x31, 0x2e, 0x34, 0x36, 0x33, 0x36, 0x37, 0x36, 0x2c, 0x31,
0x37, 0x2e, 0x31, 0x38, 0x36, 0x32, 0x30, 0x36, 0x39, 0x20, 0x31, 0x31, 0x2e,
0x30, 0x34, 0x33, 0x37, 0x35, 0x2c, 0x31, 0x36, 0x2e, 0x37, 0x36, 0x36, 0x32,
0x38, 0x30, 0x39, 0x20, 0x31, 0x31, 0x2e, 0x30, 0x34, 0x33, 0x37, 0x35, 0x2c,
0x31, 0x36, 0x2e, 0x32, 0x34, 0x38, 0x32, 0x37, 0x35, 0x39, 0x20, 0x43, 0x31,
0x31, 0x2e, 0x30, 0x34, 0x33, 0x37, 0x35, 0x2c, 0x31, 0x35, 0x2e, 0x37, 0x33,
0x30, 0x32, 0x37, 0x30, 0x39, 0x20, 0x31, 0x31, 0x2e, 0x34, 0x36, 0x33, 0x36,
0x37, 0x36, 0x2c, 0x31, 0x35, 0x2e, 0x33, 0x31, 0x30, 0x33, 0x34, 0x34, 0x38,
0x20, 0x31, 0x31, 0x2e, 0x39, 0x38, 0x31, 0x36, 0x38, 0x31, 0x2c, 0x31, 0x35,
0x2e, 0x33, 0x31, 0x30, 0x33, 0x34, 0x34, 0x38, 0x20, 0x4c, 0x31, 0x32, 0x2e,
0x30, 0x31, 0x38, 0x33, 0x31, 0x39, 0x2c, 0x31, 0x35, 0x2e, 0x33, 0x31, 0x30,
0x33, 0x34, 0x34, 0x38, 0x20, 0x43, 0x31, 0x32, 0x2e, 0x35, 0x33, 0x36, 0x33,
0x32, 0x34, 0x2c, 0x31, 0x35, 0x2e, 0x33, 0x31, 0x30, 0x33, 0x34, 0x34, 0x38,
0x20, 0x31, 0x32, 0x2e, 0x39, 0x35, 0x36, 0x32, 0x35, 0x2c, 0x31, 0x35, 0x2e,
0x37, 0x33, 0x30, 0x32, 0x37, 0x30, 0x39, 0x20, 0x31, 0x32, 0x2e, 0x39, 0x35,
0x36, 0x32, 0x35, 0x2c, 0x31, 0x36, 0x2e, 0x32, 0x34, 0x38, 0x32, 0x37, 0x35,
0x39, 0x20, 0x43, 0x31, 0x32, 0x2e, 0x39, 0x35, 0x36, 0x32, 0x35, 0x2c, 0x31,
0x36, 0x2e, 0x37, 0x36, 0x36, 0x32, 0x38, 0x30, 0x39, 0x20, 0x31, 0x32, 0x2e,
0x35, 0x33, 0x36, 0x33, 0x32, 0x34, 0x2c, 0x31, 0x37, 0x2e, 0x31, 0x38, 0x36,
0x32, 0x30, 0x36, 0x39, 0x20, 0x31, 0x32, 0x2e, 0x30, 0x31, 0x38, 0x33, 0x31,
0x39, 0x2c, 0x31, 0x37, 0x2e, 0x31, 0x38, 0x36, 0x32, 0x30, 0x36, 0x39, 0x20,
0x5a, 0x22, 0x20, 0x69, 0x64, 0x3d, 0x22, 0x53, 0x68, 0x61, 0x70, 0x65, 0x22,
0x20, 0x66, 0x69, 0x6c, 0x6c, 0x3d, 0x22, 0x23, 0x46, 0x46, 0x46, 0x46, 0x46,
0x46, 0x22, 0x20, 0x66, 0x69, 0x6c, 0x6c, 0x2d, 0x72, 0x75, 0x6c, 0x65, 0x3d,
0x22, 0x6e, 0x6f, 0x6e, 0x7a, 0x65, 0x72, 0x6f, 0x22, 0x3e, 0x3c, 0x2f, 0x70,
0x61, 0x74, 0x68, 0x3e, 0x0a, 0x20, 0x20, 0x20, 0x20, 0x3c, 0x2f, 0x67, 0x3e,
0x0a, 0x3c, 0x2f, 0x73, 0x76, 0x67, 0x3e };
IconMask iconMask19(iconMask19Data);

const uchar iconMask20Data[] = {
0x53, 0x56, 0x47, 0x3a, 0x53, 0x49, 0x5a, 0x45, 0x3a, 0x00, 0x00, 0x00, 0x1c,
0x00, 0x00, 0x00, 0x1c, 0x3c, 0x3f, 0x78, 0x6d, 0x6c, 0x20, 0x76, 0x65, 0x72,
0x73, 0x69, 0x6f, 0x6e, 0x3d, 0x22, 0x31, 0x2e, 0x30, 0x22, 0x20, 0x65, 0x6e,
0x63, 0x6f, 0x64, 0x69, 0x6e, 0x67, 0x3d, 0x22, 0x55, 0x54, 0x46, 0x2d, 0x38,
0x22, 0x3f, 0x3e, 0x0a, 0x3c, 0x73, 0x76, 0x67, 0x20, 0x77, 0x69, 0x64, 0x74,
0x68, 0x3d, 0x22, 0x32, 0x34, 0x70, 0x78, 0x22, 0x20, 0x68, 0x65, 0x69, 0x67,
0x68, 0x74, 0x3d, 0x22, 0x32, 0x34, 0x70, 0x78, 0x22, 0x20, 0x76, 0x69, 0x65,
0x77, 0x42, 0x6f, 0x78, 0x3d, 0x22, 0x30, 0x20, 0x30, 0x20, 0x32, 0x34, 0x20,
0x32, 0x34, 0x22, 0x20, 0x76, 0x65, 0x72, 0x73, 0x69, 0x6f, 0x6e, 0x3d, 0x22,
0x31, 0x2e, 0x31, 0x22, 0x20, 0x78, 0x6d, 0x6c, 0x6e, 0x73, 0x3d, 0x22, 0x68,
0x74, 0x74, 0x70, 0x3a, 0x2f, 0x2f, 0x77, 0x77, 0x77, 0x2e, 0x77, 0x33, 0x2e,
0x6f, 0x72, 0x67, 0x2f, 0x32, 0x30, 0x30, 0x30, 0x2f, 0x73, 0x76, 0x67, 0x22,
0x20, 0x78, 0x6d, 0x6c, 0x6e, 0x73, 0x3a, 0x78, 0x6c, 0x69, 0x6e, 0x6b, 0x3d,
0x22, 0x68, 0x74, 0x74, 0x70, 0x3a, 0x2f, 0x2f, 0x77, 0x77, 0x77, 0x2e, 0x77,
0x33, 0x2e, 0x6f, 0x72, 0x67, 0x2f, 0x31, 0x39, 0x39, 0x39, 0x2f, 0x78, 0x6c,
0x69, 0x6e, 0x6b, 0x22, 0x3e, 0x0a, 0x20, 0x20, 0x20, 0x20, 0x3c, 0x74, 0x69,
0x74, 0x6c, 0x65, 0x3e, 0x49, 0x63, 0x6f, 0x6e, 0x20, 0x2f, 0x20, 0x46, 0x69,
0x6c, 0x6c, 0x65, 0x64, 0x20, 0x2f, 0x20, 0x46, 0x6f, 0x6c, 0x64, 0x65, 0x72,
0x20, 0x2f, 0x20, 0x66, 0x69, 0x6c, 0x6c, 0x65, 0x64, 0x5f, 0x77, 0x61, 0x72,
0x6e, 0x69, 0x6e, 0x67, 0x3c, 0x2f, 0x74, 0x69, 0x74, 0x6c, 0x65, 0x3e, 0x0a,
0x20, 0x20, 0x20, 0x20, 0x3c, 0x67, 0x20, 0x69, 0x64, 0x3d, 0x22, 0x49, 0x63,
0x6f, 0x6e, 0x2d, 0x2f, 0x2d, 0x46, 0x69, 0x6c, 0x6c, 0x65, 0x64, 0x2d, 0x2f,
0x2d, 0x46, 0x6f, 0x6c, 0x64, 0x65, 0x72, 0x2d, 0x2f, 0x2d, 0x66, 0x69, 0x6c,
0x6c, 0x65, 0x64, 0x5f, 0x77, 0x61, 0x72, 0x6e, 0x69, 0x6e, 0x67, 0x22, 0x20,
0x73, 0x74, 0x72, 0x6f, 0x6b, 0x65, 0x3d, 0x22, 0x6e, 0x6f, 0x6e, 0x65, 0x22,
0x20, 0x73, 0x74, 0x72, 0x6f, 0x6b, 0x65, 0x2d, 0x77, 0x69, 0x64, 0x74, 0x68,
0x3d, 0x22, 0x31, 0x22, 0x20, 0x66, 0x69, 0x6c, 0x6c, 0x3d, 0x22, 0x6e, 0x6f,
0x6e, 0x65, 0x22, 0x20, 0x66, 0x69, 0x6c, 0x6c, 0x2d, 0x72, 0x75, 0x6c, 0x65,
0x3d, 0x22, 0x65, 0x76, 0x65, 0x6e, 0x6f, 0x64, 0x64, 0x22, 0x3e, 0x0a, 0x20,
0x20, 0x20, 0x20, 0x20, 0x20, 0x20, 0x20, 0x3c, 0x70, 0x61, 0x74, 0x68, 0x20,
0x64, 0x3d, 0x22, 0x4d, 0x34, 0x2e, 0x38, 0x38, 0x39, 0x37, 0x39, 0x35, 0x33,
0x33, 0x2c, 0x32, 0x30, 0x20, 0x4c, 0x31, 0x39, 0x2e, 0x31, 0x31, 0x30, 0x32,
0x30, 0x34, 0x37, 0x2c, 0x32, 0x30, 0x20, 0x43, 0x32, 0x30, 0x2e, 0x35, 0x36,
0x34, 0x33, 0x35, 0x30, 0x31, 0x2c, 0x32, 0x30, 0x20, 0x32, 0x31, 0x2e, 0x34,
0x37, 0x30, 0x38, 0x33, 0x30, 0x34, 0x2c, 0x31, 0x38, 0x2e, 0x34, 0x32, 0x38,
0x39, 0x32, 0x38, 0x34, 0x20, 0x32, 0x30, 0x2e, 0x37, 0x34, 0x33, 0x37, 0x35,
0x37, 0x37, 0x2c, 0x31, 0x37, 0x2e, 0x31, 0x37, 0x37, 0x37, 0x31, 0x35, 0x37,
0x20, 0x4c, 0x31, 0x33, 0x2e, 0x36, 0x33, 0x33, 0x35, 0x35, 0x33, 0x2c, 0x34,
0x2e, 0x39, 0x33, 0x38, 0x34, 0x30, 0x39, 0x35, 0x33, 0x20, 0x43, 0x31, 0x32,
0x2e, 0x39, 0x30, 0x36, 0x34, 0x38, 0x30, 0x33, 0x2c, 0x33, 0x2e, 0x36, 0x38,
0x37, 0x31, 0x39, 0x36, 0x38, 0x32, 0x20, 0x31, 0x31, 0x2e, 0x30, 0x39, 0x33,
0x35, 0x31, 0x39, 0x37, 0x2c, 0x33, 0x2e, 0x36, 0x38, 0x37, 0x31, 0x39, 0x36,
0x38, 0x32, 0x20, 0x31, 0x30, 0x2e, 0x33, 0x36, 0x36, 0x34, 0x34, 0x37, 0x2c,
0x34, 0x2e, 0x39, 0x33, 0x38, 0x34, 0x30, 0x39, 0x35, 0x33, 0x20, 0x4c, 0x33,
0x2e, 0x32, 0x35, 0x36, 0x32, 0x34, 0x32, 0x33, 0x34, 0x2c, 0x31, 0x37, 0x2e,
0x31, 0x37, 0x37, 0x37, 0x31, 0x35, 0x37, 0x20, 0x43, 0x32, 0x2e, 0x35, 0x32,
0x39, 0x31, 0x36, 0x39, 0x36, 0x31, 0x2c, 0x31, 0x38, 0x2e, 0x34, 0x32, 0x38,
0x39, 0x32, 0x38, 0x34, 0x20, 0x33, 0x2e, 0x34, 0x33, 0x35, 0x36, 0x34, 0x39,
0x38, 0x39, 0x2c, 0x32, 0x30, 0x20, 0x34, 0x2e, 0x38, 0x38, 0x39, 0x37, 0x39,
0x35, 0x33, 0x33, 0x2c, 0x32, 0x30, 0x20, 0x5a, 0x20, 0x4d, 0x31, 0x32, 0x2c,
0x39, 0x2e, 0x35, 0x31, 0x37, 0x32, 0x34, 0x31, 0x33, 0x38, 0x20, 0x43, 0x31,
0x32, 0x2e, 0x34, 0x36, 0x35, 0x39, 0x39, 0x30, 0x33, 0x2c, 0x39, 0x2e, 0x35,
0x31, 0x37, 0x32, 0x34, 0x31, 0x33, 0x38, 0x20, 0x31, 0x32, 0x2e, 0x38, 0x34,
0x33, 0x37, 0x35, 0x2c, 0x39, 0x2e, 0x38, 0x39, 0x35, 0x30, 0x30, 0x31, 0x31,
0x32, 0x20, 0x31, 0x32, 0x2e, 0x38, 0x34, 0x33, 0x37, 0x35, 0x2c, 0x31, 0x30,
0x2e, 0x33, 0x36, 0x30, 0x39, 0x39, 0x31, 0x34, 0x20, 0x4c, 0x31, 0x32, 0x2e,
0x38, 0x34, 0x33, 0x37, 0x35, 0x2c, 0x31, 0x33, 0x2e, 0x33, 0x36, 0x33, 0x31,
0x34, 0x36, 0x36, 0x20, 0x43, 0x31, 0x32, 0x2e, 0x38, 0x34, 0x33, 0x37, 0x35,
0x2c, 0x31, 0x33, 0x2e, 0x38, 0x32, 0x39, 0x31, 0x33, 0x36, 0x38, 0x20, 0x31,
0x32, 0x2e, 0x34, 0x36, 0x35, 0x39, 0x39, 0x30, 0x33, 0x2c, 0x31, 0x34, 0x2e,
0x32, 0x30, 0x36, 0x38, 0x39, 0x36, 0x36, 0x20, 0x31, 0x32, 0x2c, 0x31, 0x34,
0x2e, 0x32, 0x30, 0x36, 0x38, 0x39, 0x36, 0x36, 0x20, 0x43, 0x31, 0x31, 0x2e,
0x35, 0x33, 0x34, 0x30, 0x30, 0x39, 0x37, 0x2c, 0x31, 0x34, 0x2e, 0x32, 0x30,
0x36, 0x38, 0x39, 0x36, 0x36, 0x20, 0x31, 0x31, 0x2e, 0x31, 0x35, 0x36, 0x32,
0x35, 0x2c, 0x31, 0x33, 0x2e, 0x38, 0x32, 0x39, 0x31, 0x33, 0x36, 0x38, 0x20,
0x31, 0x31, 0x2e, 0x31, 0x35, 0x36, 0x32, 0x35, 0x2c, 0x31, 0x33, 0x2e, 0x33,
0x36, 0x33, 0x31, 0x34, 0x36, 0x36, 0x20, 0x4c, 0x31, 0x31, 0x2e, 0x31, 0x35,
0x36, 0x32, 0x35, 0x2c, 0x31, 0x30, 0x2e, 0x33, 0x36, 0x30, 0x39, 0x39, 0x31,
0x34, 0x20, 0x43, 0x31, 0x31, 0x2e, 0x31, 0x35, 0x36, 0x32, 0x35, 0x2c, 0x39,
0x2e, 0x38, 0x39, 0x35, 0x30, 0x30, 0x31, 0x31, 0x32, 0x20, 0x31, 0x31, 0x2e,
0x35, 0x33, 0x34, 0x30, 0x30, 0x39, 0x37, 0x2c, 0x39, 0x2e, 0x35, 0x31, 0x37,
0x32, 0x34, 0x31, 0x33, 0x38, 0x20, 0x31, 0x32, 0x2c, 0x39, 0x2e, 0x35, 0x31,
0x37, 0x32, 0x34, 0x31, 0x33, 0x38, 0x20, 0x5a, 0x20, 0x4d, 0x31, 0x32, 0x2e,
0x30, 0x31, 0x38, 0x33, 0x31, 0x39, 0x2c, 0x31, 0x37, 0x2e, 0x31, 0x38, 0x36,
0x32, 0x30, 0x36, 0x39, 0x20, 0x4c, 0x31, 0x31, 0x2e, 0x39, 0x38, 0x31, 0x36,
0x38, 0x31, 0x2c, 0x31, 0x37, 0x2e, 0x31, 0x38, 0x36, 0x32, 0x30, 0x36, 0x39,
0x20, 0x43, 0x31, 0x31, 0x2e, 0x34, 0x36, 0x33, 0x36, 0x37, 0x36, 0x2c, 0x31,
0x37, 0x2e, 0x31, 0x38, 0x36, 0x32, 0x30, 0x36, 0x39, 0x20, 0x31, 0x31, 0x2e,
0x30, 0x34, 0x33, 0x37, 0x35, 0x2c, 0x31, 0x36, 0x2e, 0x37, 0x36, 0x36, 0x32,
0x38, 0x30, 0x39, 0x20, 0x31, 0x31, 0x2e, 0x30, 0x34, 0x33, 0x37, 0x35, 0x2c,
0x31, 0x36, 0x2e, 0x32, 0x34, 0x38, 0x32, 0x37, 0x35, 0x39, 0x20, 0x43, 0x31,
0x31, 0x2e, 0x30, 0x34, 0x33, 0x37, 0x35, 0x2c, 0x31, 0x35, 0x2e, 0x37, 0x33,
0x30, 0x32, 0x37, 0x30, 0x39, 0x20, 0x31, 0x31, 0x2e, 0x34, 0x36, 0x33, 0x36,
0x37, 0x36, 0x2c, 0x31, 0x35, 0x2e, 0x33, 0x31, 0x30, 0x33, 0x34, 0x34, 0x38,
0x20, 0x31, 0x31, 0x2e, 0x39, 0x38, 0x31, 0x36, 0x38, 0x31, 0x2c, 0x31, 0x35,
0x2e, 0x33, 0x31, 0x30, 0x33, 0x34, 0x34, 0x38, 0x20, 0x4c, 0x31, 0x32, 0x2e,
0x30, 0x31, 0x38, 0x33, 0x31, 0x39, 0x2c, 0x31, 0x35, 0x2e, 0x33, 0x31, 0x30,
0x33, 0x34, 0x34, 0x38, 0x20, 0x43, 0x31, 0x32, 0x2e, 0x35, 0x33, 0x36, 0x33,
0x32, 0x34, 0x2c, 0x31, 0x35, 0x2e, 0x33, 0x31, 0x30, 0x33, 0x34, 0x34, 0x38,
0x20, 0x31, 0x32, 0x2e, 0x39, 0x35, 0x36, 0x32, 0x35, 0x2c, 0x31, 0x35, 0x2e,
0x37, 0x33, 0x30, 0x32, 0x37, 0x30, 0x39, 0x20, 0x31, 0x32, 0x2e, 0x39, 0x35,
0x36, 0x32, 0x35, 0x2c, 0x31, 0x36, 0x2e, 0x32, 0x34, 0x38, 0x32, 0x37, 0x35,
0x39, 0x20, 0x43, 0x31, 0x32, 0x2e, 0x39, 0x35, 0x36, 0x32, 0x35, 0x2c, 0x31,
0x36, 0x2e, 0x37, 0x36, 0x36, 0x32, 0x38, 0x30, 0x39, 0x20, 0x31, 0x32, 0x2e,
0x35, 0x33, 0x36, 0x33, 0x32, 0x34, 0x2c, 0x31, 0x37, 0x2e, 0x31, 0x38, 0x36,
0x32, 0x30, 0x36, 0x39, 0x20, 0x31, 0x32, 0x2e, 0x30, 0x31, 0x38, 0x33, 0x31,
0x39, 0x2c, 0x31, 0x37, 0x2e, 0x31, 0x38, 0x36, 0x32, 0x30, 0x36, 0x39, 0x20,
0x5a, 0x22, 0x20, 0x69, 0x64, 0x3d, 0x22, 0x53, 0x68, 0x61, 0x70, 0x65, 0x22,
0x20, 0x66, 0x69, 0x6c, 0x6c, 0x3d, 0x22, 0x23, 0x46, 0x46, 0x46, 0x46, 0x46,
0x46, 0x22, 0x20, 0x66, 0x69, 0x6c, 0x6c, 0x2d, 0x72, 0x75, 0x6c, 0x65, 0x3d,
0x22, 0x6e, 0x6f, 0x6e, 0x7a, 0x65, 0x72, 0x6f, 0x22, 0x3e, 0x3c, 0x2f, 0x70,
0x61, 0x74, 0x68, 0x3e, 0x0a, 0x20, 0x20, 0x20, 0x20, 0x3c, 0x2f, 0x67, 0x3e,
0x0a, 0x3c, 0x2f, 0x73, 0x76, 0x67, 0x3e };
IconMask iconMask20(iconMask20Data);

} // namespace

void init_style_info_levels(int scale) {
	if (inited) return;
	inited = true;

	init_style_basic(scale);

	initPxValues(scale);

	_levelStyle = { { px9, FontFlags::from_raw(16), 0 }, st::kLinkUnderlineActive, px0, st::defaultQuoteStyle, st::defaultQuoteStyle };
	_levelTextFg = st::windowFgActive;
	_levelMargin = { px4, px3, px2, px2 };
	_levelBase = { { std::in_place }, { px0, px6 } };
	_level1 = { { std::in_place, MonoIcon{ &iconMask1, st::windowBgActive, { px0, px0 } } }, { pxm1, px6 } };
	_level2 = { { std::in_place, MonoIcon{ &iconMask2, st::windowBgActive, { px0, px0 } } }, { pxm1, px6 } };
	_level3 = { { std::in_place, MonoIcon{ &iconMask3, st::windowBgActive, { px0, px0 } } }, { pxm1, px6 } };
	_level4 = { { std::in_place, MonoIcon{ &iconMask4, st::windowBgActive, { px0, px0 } } }, { pxm1, px6 } };
	_level5 = { { std::in_place, MonoIcon{ &iconMask5, st::windowBgActive, { px0, px0 } } }, { pxm1, px6 } };
	_level6 = { { std::in_place, MonoIcon{ &iconMask6, st::windowBgActive, { px0, px0 } } }, { pxm1, px6 } };
	_level7 = { { std::in_place, MonoIcon{ &iconMask7, st::windowBgActive, { px0, px0 } } }, { pxm1, px6 } };
	_level8 = { { std::in_place, MonoIcon{ &iconMask8, st::windowBgActive, { px0, px0 } } }, { pxm1, px6 } };
	_level9 = { { std::in_place, MonoIcon{ &iconMask9, st::windowBgActive, { px0, px0 } } }, { pxm1, px6 } };
	_level10 = { { std::in_place, MonoIcon{ &iconMask10, st::windowBgActive, { px0, px0 } } }, { px0, px6 } };
	_level20 = { { std::in_place, MonoIcon{ &iconMask11, st::windowBgActive, { px0, px0 } } }, { px0, px6 } };
	_level30 = { { std::in_place, MonoIcon{ &iconMask12, st::windowBgActive, { px0, px0 } } }, { px0, px6 } };
	_level40 = { { std::in_place, MonoIcon{ &iconMask13, st::windowBgActive, { px0, px0 } } }, { px0, px6 } };
	_level50 = { { std::in_place, MonoIcon{ &iconMask14, st::windowBgActive, { px0, px0 } } }, { px0, px6 } };
	_level60 = { { std::in_place, MonoIcon{ &iconMask15, st::windowBgActive, { px0, px0 } } }, { px0, px6 } };
	_level70 = { { std::in_place, MonoIcon{ &iconMask16, st::windowBgActive, { px0, px0 } } }, { px0, px6 } };
	_level80 = { { std::in_place, MonoIcon{ &iconMask17, st::windowBgActive, { px0, px0 } } }, { px0, px6 } };
	_level90 = { { std::in_place, MonoIcon{ &iconMask18, st::windowBgActive, { px0, px0 } } }, { px0, px6 } };
	_levelNegative = { { std::in_place, MonoIcon{ &iconMask19, st::attentionButtonFg, { px6, px5 } } }, { px0, px6 } };
	_levelNegativeBubble = { std::in_place, MonoIcon{ &iconMask20, st::windowFgActive, { px0, px0 } } };
}

} // namespace internal
} // namespace style
